#ENGLISH;HANHUA;x
#nick_wenzong;文宗;x
#nick_wuzong;武宗;x

b_quzhou13735;曲周;x
b_qiuxian13736;邱县;x
b_jize13737;鸡泽;x
b_shoushansi13738;寿山寺;x
k_shanxi14; 晋 ;x
d_datong141;大同;x
c_datong1411;大同;x
b_datong14111;大同;x
b_yanggao14112;阳高;x
b_tianzhen14113;天镇;x
b_xinrong14114;新荣;x
b_zuoyun14115;左云;x
b_nanjiao14116;南郊;x
b_kuangqu14117;矿区;x
b_gucheng14118;古城;x
c_guangling1412;广灵;x
b_guangling14121;广灵;x
b_qianfoling14122;千佛岭;x
b_hunyuan14123;浑源;x
b_lingqiu14124;灵丘;x
b_yixing14125;宜兴;x
b_zhoabei14126;赵北;x
b_wanghu14127;望狐;x
b_huanghuatan14128;黄花滩;x
c_yingxian1413;应县;x
b_yingxian14131;应县;x
b_xiashe14132;下社;x
b_huairen14133;怀仁;x
b_shanyin14134;山阴;x
b_jinshatan14135;金沙滩;x
b_yujing14136;玉井;x
b_yijing14137;义井;x
b_anrong14138;安荣;x
c_shuozhou1414;朔州;x
b_shuozhou14141;朔州;x
b_shentou14142;神头;x
b_youyu14143;右玉;x
b_pinglu14144;平鲁;x
b_fenghuang14145;凤凰;x
b_weiyuan14146;威远;x
b_limin14127;利民;x
b_youwei14128;右卫;x
c_hequ1415;河曲;x
b_hequ14151;河曲;x
b_shenchi14152;神池;x
b_baode14153;保德;x
b_pianguan14154;偏关;x
b_wuzhai14155;五寨;x
b_kelan14156;岢岚;x
b_ningwu14157;宁武;x
b_lugu14158;鹿谷;x
c_xinzhou1416;忻州;x
b_xinzhou14161;忻州;x
b_dingxiang14162;定襄;x
b_yuanping14163;原平;x
b_jingle14164;静乐;x
b_dongshe14165;东社;x
b_qincheng14166;秦城;x
b_shenshan14167;神山;x
b_xinfu14168;忻府;x
c_daizhou1417;代州;x
b_daizhou14171;代州;x
b_yanmenguan14172;雁门关;x
b_fanzhi14173;繁峙;x
b_zaolin14174;枣林;x
b_jianan14175;建安;x
b_dongshan14176;东山;x
b_hengjian14177;横涧;x
b_taihuai14178;台怀;x
d_taiyuan142;太原;x
c_lanxian1421;岚县;x
b_lanxian14211;岚县;x
b_qingliangsi14212;清凉寺;x
b_linxian14213;临县;x
b_xingxian14214;兴县;x
b_fangshan14215;方山;x
b_zhaoxian14216;招贤;x
b_kangning14217;康宁;x
b_puming14218;普明;x
c_lishi1422;离石;x
b_lishi14221;离石;x
b_jiaokou14222;交口;x
b_shilou14223;石楼;x
b_zhongyang14224;中阳;x
b_liulin14225;柳林;x
b_xinyi14226;信义;x
b_jinluo14227;金罗;x
b_wucheng14228;吴城;x
c_fenyang1423;汾阳;x
b_fenyang14231;汾阳;x
b_xiaoyi14232;孝义;x
b_wenshui14233;文水;x
b_jiaocheng14234;交城;x
b_xinghuacun14235;杏花村;x
b_xishe14236;西社;x
b_gaoyang14237;高阳;x
b_nanan14238;南安;x
c_pingyao1424;平遥;x
b_pingyao14241;平遥;x
b_qixian14242;祁县;x
b_jiexiu14243;介休;x
b_lingshi14244;灵石;x
b_xiamen14245;夏门;x
b_longfeng14246;龙凤;x
b_hongshan14227;洪善;x
b_laiyuan14228;来远;x
c_taiyuan1425;太原;x
b_taiyuan14251;太原;x
b_xinghualing14252;杏花岭;x
b_qingxu14253;清徐;x
b_gujiao14254;古交;x
b_loufan14255;娄烦;x
b_yangqu14256;阳曲;x
b_jinyuan14257;晋源;x
b_wanbailin14258;万柏林;x
d_jinzhong143;晋中;x
c_shouyang1431;寿阳;x
b_shouyang14311;寿阳;x
b_jingshang14312;景尚;x
b_taigu14313;太谷;x
b_yuci14314;榆次;x
b_yangyi14315;阳邑;x
b_dongyang14316;东阳;x
b_xiuwen14317;修文;x
b_pingtou14318;平头;x
c_yangquan1432;阳泉;x
b_yangquan14321;阳泉;x
b_pingding14322;平定;x
b_yuxian14323;盂县;x
b_niucun14324;牛村;x
b_xiyan14325;西烟;x
b_yex14326;冶西;x
b_kuangqu14327;矿区;x
b_jiaoqu14328;郊区;x
c_jinzhong1433;晋中;x
b_jinzhong14331;晋中;x
b_heshun14332;和顺;x
b_yushe14333;榆社;x
b_xiyang14334;昔阳;x
b_zuoquan14335;左权;x
b_qingcheng14336;青城;x
b_jiedu14337;界都;x
b_yunzhu14338;云竹;x
c_changzhi1434;长治;x
b_changzhi14341;长治;x
b_huguan14342;壶关;x
b_licheng14343;黎城;x
b_pingshun14344;平顺;x
b_lucheng14345;潞城;x
b_donghe14346;东和;x
b_jiaoqu14327;郊区;x
b_chnegqu14328;城区;x
c_qinxian1435;沁县;x
b_qinxian14351;沁县;x
b_qinyuan14352;沁源;x
b_wuxiang14353;武乡;x
b_xiangyuan14354;襄垣;x
b_tunliu14355;屯留;x
b_changzi14356;长子;x
b_heshenmiao14357;河神庙;x
b_xiadian14358;夏店;x
d_fenxi144;汾西;x
c_fenxi1441;汾西;x
b_fenxi14411;汾西;x
b_hongtong14412;洪洞;x
b_guxian14413;古县;x
b_yaodu14414;尧都;x
b_anze14415;安泽;x
b_huozhou14416;霍州;x
b_wanan14417;万安;x
b_linfen14418;临汾;x
c_xixian1442;隰县;x
b_xixian14421;隰县;x
b_wucheng14422;午城;x
b_yonghe14423;永和;x
b_huangtu14424;黄土;x
b_gedi14425;阁底;x
b_nanhzuang14426;南庄;x
b_potou14427;坡头;x
b_jiaokou14428;交口;x
c_puxian1443;蒲县;x
b_puxian14431;蒲县;x
b_jixian14432;吉县;x
b_xiangning14433;乡宁;x
b_daning14434;大宁;x
b_heilongguan14435;黑龙关;x
b_dongcheng14436;东城;x
b_xueguan14437;薛关;x
b_shuanghe14438;双鹤;x
c_yicheng1444;翼城;x
b_yicheng14441;翼城;x
b_fushan14442;浮山;x
b_xiangfen14443;襄汾;x
b_quwo14444;曲沃;x
b_houma14445;侯马;x
b_gaoxian14446;高显;x
b_taosi14447;陶寺;x
b_nantang14448;南唐;x
d_hedong145;河东;x
c_xinjiang1451;新绛;x
b_xinjiang14511;新绛;x
b_jishan14512;稷山;x
b_hejin14513;河津;x
b_wanrong14514;万荣;x
b_qinghe14515;清河;x
b_hanxue14516;汉薛;x
b_wanan14517;万安;x
b_ronghe14518;荣河;x
c_yongji1452;永济;x
b_yongji14521;永济;x
b_yanhu14522;盐湖;x
b_linyi14523;临猗;x
b_ruicheng14524;芮城;x
b_fenglingdu14525;风陵渡;x
b_yuxiang14526;虞乡;x
b_linjin14527;临晋;x
b_yuncheng14528;运城;x
c_jiangxian1453;绛县;x
b_jiangxian14531;绛县;x
b_wenxi14532;闻喜;x
b_yuanqu14533;垣曲;x
b_xiaxian14534;夏县;x
b_pinglu14535;平陆;x
b_changle14536;常乐;x
b_sijiao14537;泗交;x
b_shimen14538;石门;x
c_yangcheng1454;阳城;x
b_yangcheng14541;阳城;x
b_xihe14542;西河;x
b_qinshui14543;沁水;x
b_dongye14544;东冶;x
b_hebei14545;河北;x
b_manghe14546;蟒河;x
b_jaifeng14527;嘉峰;x
b_beiliu14528;北留;x
c_jincheng1455;晋城;x
b_jincheng14551;晋城;x
b_zezhou14552;泽州;x
b_gaoping14553;高平;x
b_lingchuan14554;陵川;x
b_gaodu14555;高都;x
b_shennong14556;神农;x
b_shanhe14557;山河;x
b_pingcheng14558;平城;x
k_neimenggu15;内蒙古;x
d_yinshan151;阴山;x
c_ejina1511;额济纳;x
b_ejinaqi15111;额济纳旗;x
b_wutaohai15112;乌陶海;x
b_alashanyouqi15113;阿拉善右旗;x
b_buge15114;布格;x
b_eribugai15115;额日布盖;x
b_saihantaolai15116;赛汉陶来;x
b_yabulai15117;雅布赖;x
b_tamusu15118;塔木素;x
c_wuhai1512;乌海;x
b_wuhai15121;乌海;x
b_suji15122;苏吉;x
b_alashanzuoqi15123;阿拉善左旗;x
b_wuliji15124;乌力吉;x
b_jilantai15125;吉兰泰;x
b_suhaitu15126;苏海图;x
b_toudaohu15127;头道湖;x
b_suhongtu15128;苏红图;x
c_etuoke1513;鄂托克;x
b_etuoke15131;鄂托克;x
b_hangjinqi15132;杭锦旗;x
b_etuokeqianqi15133;鄂托克前旗;x
b_wushenqi15134;乌审旗;x
b_chabu15135;查布;x
b_maladi15136;马拉迪;x
b_wushenzhao15137;乌审召;x
b_tongwancheng15138;统万城;x
c_dengkou1514;磴口;x
b_dengkou15141;磴口;x
b_dukou15142;渡口;x
b_liangtai15143;粮台;x
b_gongdi15144;公地;x
b_shajintaohaisumu15145;沙金套海苏木;x
b_hatengtaohaisumu15146;哈腾套海苏木;x
b_aolunbulage15127;敖伦布拉格;x
b_longshenghe15128;隆盛合;x
c_linhe1515;临河;x
b_bayanchuoer15151;巴彦淖尔;x
b_shuangmiao15152;双庙;x
b_hangjinhouqi15153;杭锦后旗;x
b_chengguan15154;城关;x
b_wuxing15155;五星;x
b_badai15156;八岱;x
b_shuanghe15157;双河;x
b_huangyangmutou15158;黄羊木头;x
c_wuyuan1516;五原;x
b_wuyuan15161;五原;x
b_shahe15162;沙河;x
b_xiangyang15163;向阳;x
b_hesheng15164;和胜;x
b_meilin15165;美林;x
b_yindingtu15166;银定图;x
b_xingongzhong15167;新公中;x
b_bayantaohai15168;巴彦套海;x
c_wulate1575;乌拉特;x
b_wulatehouqi15171;乌拉特后旗;x
b_duoruobumaode15172;多若布毛德;x
b_wulatezhongqi15173;乌拉特中旗;x
b_chuanjing15174;川井;x
b_ganqimaodu15175;甘其毛都;x
b_wengen15176;温根;x
b_hongfeng15177;宏丰;x
b_wujiahe15178;乌加河;x
d_huhehaote152;呼和浩特;x
c_baiyun1521;白云;x
b_baiyunebo15211;白云鄂博;x
b_mandula15212;满都拉;x
b_daerhanmaomingan15213;达尔罕茂明安;x
b_bayinhua15214;巴音花;x
b_bayinaobaosumu15215;巴音敖包苏木;x
b_sanggendalaisumu15216;桑根达来苏木;x
b_bayinzhurihesumu15217;巴音珠日和苏木;x
b_xinbaoligesumu15218;新宝力格苏木;x
c_guyang1522;固阳;x
b_guyang15221;固阳;x
b_jinshan15222;金山;x
b_huaishuo15223;怀朔;x
b_xidoupu15224;西斗铺;x
b_yinhao15225;银号;x
b_congjigou15226;S鸡沟;x
b_xiashihao15227;下湿壕;x
b_baliang15228;坝梁;x
c_jiuyuan1523;九原;x
b_baotou15231;包头;x
b_qingshan15232;青山;x
b_jiuyuan15233;九原;x
b_donghe15234;东河;x
b_kundulun15235;昆都仑;x
b_shiguai15236;石拐;x
b_tumoteyouqi15237;土默特右旗;x
b_shamujia15238;莎木佳;x
c_zhungeer1524;准格尔;x
b_zhungeerqi15241;准格尔旗;x
b_dalu15242;大路;x
b_dalateqi15243;达拉特旗;x
b_yaogou15244;窑沟;x
b_shierliancheng15245;十二连城;x
b_deshnegtai15246;德胜泰;x
b_yulinzi15227;榆林子;x
b_jigesitai15228;吉格斯太;x
c_dongsheng1525;东胜;x
b_eerduosi15251;鄂尔多斯;x
b_yijinhuoluo15252;伊金霍洛;x
b_dongsheng15253;东胜;x
b_taigesumu15254;台格苏木;x
b_wanli15255;万利;x
b_nalintaohai15256;纳林陶亥;x
b_chaideng15257;柴登;x
b_bulian15258;布连;x
c_huhehaote1526;呼和浩特;x
b_huhehaote15261;呼和浩特;x
b_yuquan15262;玉泉;x
b_tuoketuo15263;托克托;x
b_wuchuan15264;武川;x
b_helingeer15265;和林格尔;x
b_qingshuihe15266;清水河;x
b_tumotezuoqi15267;土默特左旗;x
b_huimin15268;回民;x
d_keerqin153;科尔沁;x
c_chahaer1531;察哈尔;x
b_wulanchabu15311;乌兰察布;x
b_zhuozi15312;卓资;x
b_huade15313;化德;x
b_siwangziqi15314;四王子旗;x
b_liangcheng15315;凉城;x
b_chahaeryouyizhongqi15316;察哈尔右翼中旗;x
b_chahaeryouyihouqi15317;察哈尔右翼后旗;x
b_chahaeryouyiqianqi15318;察哈尔右翼前旗;x
c_erlianhaote1532;二连浩特;x
b_erlianhaote15321;二连浩特;x
b_erenchuoer15322;额仁淖尔;x
b_suniteyouqi15323;苏尼特右旗;x
b_xianghuangqi15324;镶黄旗;x
b_derisitu15325;德日斯图;x
b_butumujisumu15326;布图木吉苏木;x
b_bayintala15327;巴音塔拉;x
b_hugejiletusumu15328;呼格吉勒图苏木;x
c_xilingele1533;锡林格勒;x
b_duolun15331;多伦;x
b_taipusiqi15332;太仆寺旗;x
b_xilinhaote15333;锡林浩特;x
b_sunitezuoqi15334;苏尼特左旗;x
b_abagaqi15335;阿巴嘎旗;x
b_zhenglanqi15336;正蓝旗;x
b_zhengxiangbaiqi15337;正镶白旗;x
b_yuanbaoshan15338;元宝山;x
c_wuzhumuqin1534;乌珠穆沁;x
b_dongwuzhumuqin15341;东乌珠穆沁旗;x
b_xiwuzhumuqin15342;西乌珠穆沁旗;x
b_huolinguole15343;霍林郭勒;x
b_baolage15344;宝拉格;x
b_wulagai15345;乌拉盖;x
b_gaorihan15346;高日罕;x
b_bayanhushuo15327;巴彦胡硕;x
b_bayanhuobuer15328;巴彦霍布尔;x
c_chifeng1535;赤峰;x
b_chifeng15351;赤峰;x
b_ningcheng15352;宁城;x
b_linxi15353;林西;x
b_balinyouqi15354;巴林右旗;x
b_kalaqinqi15355;喀喇沁旗;x
b_aohanqi15356;敖汉旗;x
b_wengniuteqi15357;翁牛特旗;x
b_balinzuoqi15358;巴林左旗;x
c_keerqin1536;科尔沁;x
b_tongliao15361;通辽;x
b_kulunqi15362;库伦旗;x
b_naimanqi15363;奈曼旗;x
b_kailu15364;开鲁;x
b_zhaluteqi15365;扎鲁特旗;x
b_alukeerqinqi15366;阿鲁科尔沁旗;x
b_keerqinyouyizhongqi15367;科尔沁右翼中旗;x
b_keerqinzouyizhouqi15368;科尔沁左翼中旗;x
d_xinganling154;兴安岭;x
c_aershan1541;阿尔山;x
b_xinganmeng15411;兴安盟;x
b_aershan15412;阿尔山;x
b_tuquan15413;突泉;x
b_wulanhaote15414;乌兰浩特;x
b_suolun15415;索伦;x
b_keerqinyouyiqianqi15416;科尔沁右翼前旗;x
b_wuchagou15417;五岔沟;x
b_zhalaiteqi15418;扎赉特旗;x
c_manzhouli1542;满洲里;x
b_manzhouli15421;满洲里;x
b_xinbaerhuyouqi15422;新巴尔虎右旗;x
b_xinbaerhuzuoqi15423;新巴尔虎左旗;x
b_chenbaerhuqi15424;陈巴尔虎旗;x
b_keerlun15425;克尔伦;x
b_beier15426;贝尔;x
b_heishantou15427;黑山头;x
b_hadatu15428;哈达图;x
c_hulunbeier1543;呼伦贝尔;x
b_hulunbeier15431;呼伦贝尔;x
b_yakeshi15432;牙克石;x
b_zhalantun15433;扎兰屯;x
b_ewenkezuzizhiqi15434;鄂温克族自治旗;x
b_taerqi15435;塔尔气;x
b_yuanlin15436;原林;x
b_yiliekede15437;伊列克得;x
b_honghuaerji15438;红花尔基;x
c_molidawa1544;莫力达瓦;x
b_molidawa15441;莫力达瓦;x
b_arongqi15442;阿荣旗;x
b_elunchunzizhiqi15443;鄂伦春自治旗;x
b_dayangshu15444;大杨树;x
b_jiagedaqi15445;加格达奇;x
b_wangfenglinchang15446;望峰林场;x
b_hadayang15427;哈达阳;x
b_hongyan15428;红彦;x
c_genhe1545;根河;x
b_genhe15451;根河;x
b_xikouzi15452;西口子;x
b_eerguna15453;额尔古纳;x
b_enhe15454;恩和;x
b_alongshan15455;阿龙山;x
b_jinhe15456;金河;x
b_qiqian15457;奇乾;x
b_yitulihe15458;伊图里河;x
k_liaoning21; 辽 ;x
d_liaoxi211;辽西;x
c_chaoyang2111;朝阳;x
b_chaoyang21111;朝阳;x
b_shuangta21112;双塔;x
b_longcheng21113;龙城;x
b_jianping21114;建平;x
b_beipiao21115;北票;x
b_lingyuan21116;凌源;x
b_kalaqin21117;喀喇沁;x
b_xiaochengzi21118;小城子;x
c_huludao2112;葫芦岛;x
b_huludao21121;葫芦岛;x
b_lianshan21122;连山;x
b_longgang21123;龙港;x
b_nanpiao21124;南票;x
b_suizhong21125;绥中;x
b_jianchang21126;建昌;x
b_xingcheng21127;兴城;x
b_ningyuan21128;宁远;x
c_jinzhou2113;锦州;x
b_jinzhou21131;锦州;x
b_guta21132;古塔;x
b_linghe21133;凌河;x
b_taihe21134;太和;x
b_heishan21135;黑山;x
b_yixian21136;义县;x
b_linghai21137;凌海;x
b_beizhen21138;北镇;x
c_fuxin2114;阜新;x
b_fuxin21141;阜新;x
b_haizhou21142;海州;x
b_xinqiu21143;新邱;x
b_taiping21144;太平;x
b_qinghemen21145;清河门;x
b_xihe21146;细河;x
b_zhangwu21127;彰武;x
b_jianshe21128;建设;x
d_shenyang221;沈阳;x
c_shenyang2211;沈阳;x
b_shenyzng22111;沈阳;x
b_liaozhong22112;辽中;x
b_xinmin22113;新民;x
b_faku22114;法库;x
b_kangping22115;康平;x
b_shenbei22116;沈北;x
b_yuhong22117;于洪;x
b_dongling22118;东陵;x
c_tieling2212;铁岭;x
b_tieling22121;铁岭;x
b_yinzhou22122;银州;x
b_qinghe22123;清河;x
b_xifeng22124;西丰;x
b_changtu22125;昌图;x
b_kaiyuan22126;开原;x
b_diaobingshan22127;调兵山;x
b_xiongguantun22128;熊官屯;x
c_fushun2213;抚顺;x
b_fushun22131;抚顺;x
b_xinfu22132;新抚;x
b_dongzhou22133;东洲;x
b_wanghua22134;望花;x
b_shuncheng22135;顺城;x
b_xinbin22136;新宾;x
b_qingyuan22137;清原;x
b_houan22138;后安;x
d_liaoyang231;辽阳;x
c_benxi2311;本溪;x
b_benxi23111;本溪;x
b_pingshan23112;平山;x
b_nanfen23113;南芬;x
b_huanren23114;桓仁;x
b_mingshan23115;明山;x
b_xihu23116;溪湖;x
b_qinghecheng23117;清河城;x
b_yahe23118;雅河;x
c_liaoyang2312;辽阳;x
b_liaoyang23121;辽阳;x
b_baita23122;白塔;x
b_wensheng23123;文圣;x
b_hongwei23124;宏伟;x
b_gongchangling23125;弓长岭;x
b_taizihe23126;太子河;x
b_dengta23127;灯塔;x
b_shoushan23128;首山;x
c_dandong2313;丹东;x
b_dandong23131;丹东;x
b_yuanbao23132;元宝;x
b_zhenxing23133;振兴;x
b_kuandian23134;宽甸;x
b_donggang23135;东港;x
b_fengcheng23136;凤城;x
b_zhenan23137;振安;x
b_taipingshao23138;太平哨;x
d_dalian241;大连;x
c_anshan2411;鞍山;x
b_anshan24111;鞍山;x
b_lishan24112;立山;x
b_tiexi24113;铁西;x
b_qianshan24114;千山;x
b_tiedong24115;铁东;x
b_taian24116;台安;x
b_haicheng24117;海城;x
b_xiuyan24118;岫岩;x
c_panjin2412;盘锦;x
b_panjin24121;盘锦;x
b_shuangtaizi24122;双台子;x
b_xinglongtai24123;兴隆台;x
b_dawa24124;大洼;x
b_yushu24125;榆树;x
b_taiping24126;太平;x
b_dongfeng24127;东风;x
b_desheng24128;德胜;x
c_yingkou2413;营口;x
b_yingkou24131;营口;x
b_zhanqian24132;站前;x
b_laobian24133;老边;x
b_gaizhou24134;盖州;x
b_dashiqiao24135;大石桥;x
b_xishi24136;西市;x
b_bayuquan24137;鲅鱼圈;x
b_wanfu24138;万福;x
c_dalian2414;大连;x
b_dalian24141;大连;x
b_jinzhou24142;金州;x
b_lvshun24143;旅顺;x
b_changhai24144;长海;x
b_zhuanghe24145;庄河;x
b_pulandian24146;普兰店;x
b_wafangdian24127;瓦房店;x
b_ganjingzi24128;甘井子;x
k_jilin22; 吉 ;x
d_changchun221;长春;x
c_baicheng2211;白城;x
b_baicheng22111;白城;x
b_tongyu22112;通榆;x
b_taonan22113;洮南;x
b_zhenlai22114;镇赉;x
b_taobei22115;洮北;x
b_datun22116;大屯;x
b_xinglongshan22117;兴隆山;x
b_anguang22118;安广;x
c_songyuan2212;松原;x
b_songyuan22121;松原;x
b_changling22122;长岭;x
b_fuyu22123;扶余;x
b_qianan22124;乾安;x
b_ningjiang22125;宁江;x
b_qianguoerluosi22126;前郭尔罗斯;x
b_dabusu22127;大布苏;x
b_changchunling22128;长春岭;x
c_changchun2213;长春;x
b_changchun22131;长春;x
b_jiutai22132;九台;x
b_dehui22133;德惠;x
b_yulin22134;榆林;x
b_nongan22135;农安;x
b_shuangyang22136;双阳;x
b_kuancheng22137;宽城;x
b_nanguan22138;南关;x
d_tonghua222;通化;x
c_siping2221;四平;x
b_siping22211;四平;x
b_lishu22212;梨树;x
b_shuangliao22213;双辽;x
b_gongzhuling22214;公主岭;x
b_yitong22215;伊通;x
b_tiedong22216;铁东;x
b_tiexi22217;铁西;x
b_huaide22218;怀德;x
c_liaoyuan2222;辽源;x
b_liaoyuan22221;辽源;x
b_dongfeng22222;东丰;x
b_xian22223;西安;x
b_longshan22224;龙山;x
b_dongliao22225;东辽;x
b_shahe22226;沙河;x
b_anshi22227;安石;x
b_erlongshan22228;二龙山;x
c_tonghua2223;通化;x
b_tonghua22231;通化;x
b_jian22232;集安;x
b_liuhe22233;柳河;x
b_huinan22234;辉南;x
b_meihekou22235;梅河口;x
b_erdaojiang22236;二道江;x
b_dongchang22237;东昌;x
b_qingshi22238;青石;x
d_jilin223;吉林;x
c_jilin2231;吉林;x
b_jilin22311;吉林;x
b_yongji22312;永吉;x
b_panshi22313;磐石;x
b_huadian22314;桦甸;x
b_jiaohe22315;蛟河;x
b_shulan22316;舒兰;x
b_changyi22317;昌邑;x
b_longtan22318;龙潭;x
c_baishan2232;白山;x
b_baishan22321;白山;x
b_jingyu22322;靖宇;x
b_fusong22323;抚松;x
b_jiangyuan22324;江源;x
b_hunjiang22325;浑江;x
b_linjiang22326;临江;x
b_changbai22327;长白;x
b_wanliang22328;万良;x
c_yanbian2233;延边;x
b_yanbian22331;延边;x
b_dunhua22332;敦化;x
b_antu22333;安图;x
b_helong22334;和龙;x
b_wangqing22335;汪清;x
b_hunchun22336;珲春;x
b_longjing22337;龙井;x
b_tumen22338;图们;x
k_heilongjiang23; 黑 ;x
d_qiqihaer231;齐齐哈尔;x
c_mohe2311;漠河;x
b_mohe23111;漠河;x
b_tahe23112;塔河;x
b_huma23113;呼玛;x
b_huzhong23114;呼中;x
b_xinlin23115;新林;x
b_daxinganling23116;大兴安岭;x
b_xilin23117;西林;x
b_guli23118;古里;x
c_heihe2312;黑河;x
b_heihe23121;黑河;x
b_aihui23122;爱辉;x
b_nenjiang23123;嫩江;x
b_xunke23124;逊克;x
b_sunwu23125;孙吴;x
b_beian23126;北安;x
b_wudalianchi23127;五大连池;x
b_tongbei23128;通北;x
c_qiqihaer2313;齐齐哈尔;x
b_qiqihaer23131;齐齐哈尔;x
b_longjiang23132;龙江;x
b_yian23133;依安;x
b_tailai23134;泰来;x
b_gannan23135;甘南;x
b_fuyu23136;富裕;x
b_keshan23137;克山;x
b_baiquan23138;拜泉;x
c_daqing2314;大庆;x
b_daqing23141;大庆;x
b_saertu23142;萨尔图;x
b_longfeng23143;龙凤;x
b_ranghulu23144;让胡路;x
b_honggang23145;红岗;x
b_zhaozhou23146;肇州;x
b_lindian23127;林甸;x
b_duerbote23128;杜尔伯特;x
c_suihua2315;绥化;x
b_suihua23151;绥化;x
b_wangkui23152;望奎;x
b_lanxi23153;兰西;x
b_qinggang23154;青冈;x
b_qingan23155;庆安;x
b_mingshui23156;明水;x
b_anda23157;安达;x
b_hailung23158;海伦;x
d_haerbin232;哈尔滨;x
c_haerbin2321;哈尔滨;x
b_haerbin23211;哈尔滨;x
b_shuangcheng23212;双城;x
b_shangzhi23213;尚志;x
b_wuchang23214;五常;x
b_yilan23215;依兰;x
b_fangzheng23216;方正;x
b_bayan23217;巴彦;x
b_mulan23218;木兰;x
c_suifenhe2322;绥芬河;x
b_suifenhe23221;绥芬河;x
b_mudanjiang23222;牡丹江;x
b_dongning23223;东宁;x
b_hailin23224;海林;x
b_ningan23225;宁安;x
b_muling23226;穆棱;x
b_linkou23227;林口;x
b_yangming23228;阳明;x
c_jixi2323;鸡西;x
b_jixi23231;鸡西;x
b_jidong23232;鸡东;x
b_hulin23233;虎林;x
b_mishan23234;密山;x
b_mashan23235;麻山;x
b_chengzihe23236;城子河;x
b_lishu23237;梨树;x
b_didao23238;滴道;x
c_qitaihe2324;七台河;x
b_qitaihe23241;七台河;x
b_xinxing23242;新兴;x
b_taoshan23243;桃山;x
b_qiezihe23244;茄子河;x
b_boli23245;勃利;x
b_wanbaohe23246;万宝河;x
b_woken23227;倭肯;x
b_hongqi23228;红旗;x
d_hegang233;鹤岗;x
c_yichun2331;伊春;x
b_yichun23311;伊春;x
b_jaiyin23312;嘉荫;x
b_tieli23313;铁利;x
b_wuyiling23314;乌伊岭;x
b_meixi23315;美溪;x
b_wuying23316;五营;x
b_wumahe23317;乌马河;x
b_tangwanghe23318;汤旺河;x
c_hegang2332;鹤岗;x
b_hegang23321;鹤岗;x
b_luobei23322;萝北;x
b_suibin23323;绥滨;x
b_xingshan23324;兴山;x
b_xingan23325;兴安;x
b_nanshan23326;南山;x
b_xiangyang23327;向阳;x
b_dongshan23328;东山;x
c_jiamusi2333;佳木斯;x
b_jiamusi23331;佳木斯;x
b_xiangyang23332;向阳;x
b_qianjin23333;前进;x
b_dongfeng23334;东风;x
b_jiaoqu23335;郊区;x
b_tangyuan23336;汤原;x
b_huanan23337;桦南;x
b_huachuan23338;桦川;x
c_shuangyashan2334;双鸭山;x
b_shuangyashan23341;双鸭山;x
b_jixian23342;集贤;x
b_youyi23343;友谊;x
b_baoqing23344;宝清;x
b_raohe23345;饶河;x
b_baoshan23346;宝山;x
b_sifangtai23327;四方台;x
b_jianshan23328;尖山;x
c_suiyuan2335;绥远;x
b_fujin23351;富锦;x
b_tongjiang23352;同江;x
b_sanhe23353;三河;x
b_fuyuan23354;抚远;x
b_changan23355;长安;x
b_leye23356;乐业;x
b_qinghe23357;清河;x
b_linjiang23358;临江;x
k_shanghai31; 沪 ;x
d_shanghai311;上海;x
c_qingpu3111;青浦;x
b_qingpu31111;青浦;x
b_songjiang31112;松江;x
b_jinshan31113;金山;x
b_fengxian31114;奉贤;x
b_jinze31115;金泽;x
b_songyin31116;松隐;x
b_tinglin31117;亭林;x
b_baihe31118;白鹤;x
c_shanghai3112;上海;x
b_shanghai31121;上海;x
b_jiading31122;嘉定;x
b_baoshan31123;宝山;x
b_nanhui31124;南汇;x
b_minxing31125;闵行;x
b_huating31126;华亭;x
b_malu31127;马陆;x
b_donghai31128;东海;x
c_changdao3113;长岛;x
b_chongming31131;崇明;x
b_miaozhen31132;庙镇;x
b_baozhen31133;堡镇;x
b_chenjiazhen31134;陈家镇;x
b_niupeng31135;牛棚;x
b_xinhe31136;新河;x
b_yuansha31137;圆沙;x
b_fumin31138;富民;x
k_jiangsu32; 苏 ;x
d_jianye321;建邺;x
c_suzhou3211;苏州;x
b_suzhou32111;苏州;x
b_kunshan32112;昆山;x
b_taicang32113;太仓;x
b_changshu32114;常熟;x
b_zhangjiagang32115;张家港;x
b_wujiang32116;吴江;x
b_gusu32117;姑苏;x
b_huqiu32118;虎丘;x
c_wuxi3212;无锡;x
b_wuxi32121;无锡;x
b_huishan32122;惠山;x
b_jiangyin32123;江阴;x
b_xishan32124;锡山;x
b_yixing32125;宜兴;x
b_binhu32126;滨湖;x
b_chongan32127;崇安;x
b_nanchang32128;南长;x
c_changzhou3213;常州;x
b_changzhou32131;常州;x
b_wujin32132;武进;x
b_jintan32133;金坛;x
b_xinbei32134;新北;x
b_liyang32135;溧阳;x
b_zhonglou32136;钟楼;x
b_tianning32137;天宁;x
b_qieshuyan32138;戚墅堰;x
c_zhenjiang3214;镇江;x
b_zhenjiang32141;镇江;x
b_jingkou32142;京口;x
b_runzhou32143;润州;x
b_dantu32144;丹徒;x
b_danyang32145;丹阳;x
b_yangzhong32146;扬中;x
b_jurong32127;句容;x
b_yunyang32128;云阳;x
c_nanjing3215;南京;x
b_jianye32151;建邺;x
b_qinhuai32152;秦淮;x
b_xuanwu32153;玄武;x
b_jiangning32154;江宁;x
b_qixia32155;栖霞;x
b_gaochun32156;高淳;x
b_lishui32157;溧水;x
b_gulou32158;鼓楼;x
d_suzhong322;苏中;x
c_yangzhou3221;扬州;x
b_yangzhou32211;扬州;x
b_guangling32212;广陵;x
b_jiangdu32213;江都;x
b_gaoyou32214;高邮;x
b_baoying32215;宝应;x
b_hanjiang32216;邗江;x
b_liuhe32217;六合;x
b_pukou32218;浦口;x
c_taizhou3222;泰州;x
b_taizhou32221;泰州;x
b_hailing32222;海陵;x
b_gaogang32223;高港;x
b_jiangyan32224;姜堰;x
b_xinghua32225;兴化;x
b_jingjiang32226;靖江;x
b_taixing32227;泰兴;x
b_zhaoyang32228;昭阳;x
c_nantong3223;南通;x
b_nantong32231;南通;x
b_haian32232;海安;x
b_rugao32233;如皋;x
b_haimen32234;海门;x
b_qidong32235;启东;x
b_chongchuan32236;崇川;x
b_tongzhou32237;通州;x
b_gangzha32238;港闸;x
c_yancheng3224;盐城;x
b_yancheng32241;盐城;x
b_tinghu32242;亭湖;x
b_sheyang32243;射阳;x
b_jianhu32244;建湖;x
b_dongtai32245;东台;x
b_dafeng32246;大丰;x
b_yandu32227;盐都;x
b_xiangshui32228;响水;x
c_huaian3225;淮安;x
b_huaian32251;淮安;x
b_huaiyin32252;淮阴;x
b_xuyi32253;盱眙;x
b_hongze32254;洪泽;x
b_qinghe32255;清河;x
b_qingpu32256;清浦;x
b_jinhu32257;金湖;x
b_lianshui32258;涟水;x
d_subei323;苏北;x
c_lianyungang3231;连云港;x
b_lianyungang32311;连云港;x
b_haizhou32312;海州;x
b_donghai32313;东海;x
b_guanyun32314;灌云;x
b_guannan32315;灌南;x
b_ganyu32316;赣榆;x
b_xinpu32317;新浦;x
b_lianyun32318;连云;x
c_xuzhou3232;徐州;x
b_xuzhou32321;徐州;x
b_pizhou32322;邳州;x
b_xinyi32323;新沂;x
b_peixian32324;沛县;x
b_jiawang32325;贾汪;x
b_fengxian32326;丰县;x
b_suining32327;睢宁;x
b_tongshan32328;铜山;x
c_suqian3233;宿迁;x
b_suqian32331;宿迁;x
b_siyang32332;泗阳;x
b_sihong32333;泗洪;x
b_sucheng32334;宿城;x
b_shuyang32335;沭阳;x
b_suyu32336;宿豫;x
b_taiping32337;太平;x
b_lailong32338;来龙;x
k_zhejiang33; 浙 ;x
d_wenzhou331;温州;x
c_wenzhou3311;温州;x
b_wenzhou33111;温州;x
b_yongjia33112;永嘉;x
b_leqing33113;乐清;x
b_dongtou33114;洞头;x
b_ruian33115;瑞安;x
b_wencheng33116;文成;x
b_pingyang33117;平阳;x
b_cangnan33118;苍南;x
c_lishui3312;丽水;x
b_lishui33121;丽水;x
b_qingtian33122;青田;x
b_jinyun33123;缙云;x
b_suichang33124;遂昌;x
b_songyang33125;松阳;x
b_yunhe33126;云和;x
b_qingyuan33127;庆元;x
b_jingning33128;景宁;x
c_quzhou3313;衢州;x
b_quzhou33131;衢州;x
b_kecheng33132;柯城;x
b_qujiang33133;衢江;x
b_changshan33134;常山;x
b_kaihua33135;开化;x
b_longyou33136;龙游;x
b_jiangshan33137;江山;x
b_shangyu33138;上余;x
c_jinhua3314;金华;x
b_jinhua33141;金华;x
b_wucheng33142;婺城;x
b_jindong33143;金东;x
b_wuyi33144;武义;x
b_pujiang33145;浦江;x
b_lanxi33146;兰溪;x
b_dongyang33127;东阳;x
b_yongkang33128;永康;x
d_shaoxing332;绍兴;x
c_taizhou3321;台州;x
b_taizhou33211;台州;x
b_jiaojiang33212;椒江;x
b_huangyan33213;黄岩;x
b_sanmen33214;三门;x
b_tiantai33215;天台;x
b_xianju33216;仙居;x
b_wenling33217;温岭;x
b_linhai33218;临海;x
c_ningbo3322;宁波;x
b_ningbo33221;宁波;x
b_yuyao33222;余姚;x
b_cixi33223;慈溪;x
b_fenghua33224;奉化;x
b_xiangshan33225;象山;x
b_ninghai33226;宁海;x
b_zhenhai33227;镇海;x
b_haishu33228;海曙;x
c_zhoushanqundao3323;舟山群岛;x
b_zhoushan33231;舟山;x
b_dinghai33232;定海;x
b_putuo33233;普陀;x
b_daishan33234;岱山;x
b_shengsi33235;嵊泗;x
b_guozhuang33236;东沙角;x
b_badaling33237;衢山;x
b_shahe33238;嵊山;x
c_shaoxing3324;绍兴;x
b_shaoxing33241;绍兴;x
b_shangyu33242;上虞;x
b_zhuji33243;诸暨;x
b_shengzhou33244;嵊州;x
b_xinchang33245;新昌;x
b_keqiao33246;柯桥;x
b_yuecheng33227;越城;x
b_jinghu33228;镜湖;x
d_hangzhou333;杭州;x
c_hangzhou3331;杭州;x
b_hangzhou33311;杭州;x
b_fuyang33312;富阳;x
b_tonglu33313;桐庐;x
b_linan33314;临安;x
b_jiande33315;建德;x
b_chunan33316;淳安;x
b_xihu33317;西湖;x
b_yuhang33318;余杭;x
c_huzhou3332;湖州;x
b_huzhou33321;湖州;x
b_wuxing33322;吴兴;x
b_nanxun33323;南浔;x
b_deqing33324;德清;x
b_changxing33325;长兴;x
b_anji33326;安吉;x
b_binhu33327;滨湖;x
b_wukang33328;武康;x
c_jiaxing3333;嘉兴;x
b_zhoushan33331;嘉兴;x
b_dinghai33332;秀洲;x
b_putuo33333;平湖;x
b_daishan33334;海宁;x
b_shengsi33335;桐乡;x
b_guozhuang33336;嘉善;x
b_badaling33337;海盐;x
b_shahe33338;南湖;x
k_anhui34; 皖 ;x
d_huaibei341;淮北;x
c_suzhou3411;宿州;x
b_suzhou34111;宿州;x
b_lingbi34112;灵璧;x
b_sixian34113;泗县;x
b_xiaoxian34114;萧县;x
b_dangshan34115;砀山;x
b_yongqiao34116;桥;x
b_fuli34117;符离;x
b_qixian34118;蕲县;x
c_huaibei3412;淮北;x
b_huaibei34121;淮北;x
b_lieshan34122;烈山;x
b_duji34123;杜集;x
b_xiangshan34124;相山;x
b_suixi34125;濉溪;x
b_shitai34126;石台;x
b_baishan34127;百善;x
b_tiefo34128;铁佛;x
c_bozhou3413;亳州;x
b_bozhou34131;亳州;x
b_qiaocheng34132;谯城;x
b_mengcheng34133;蒙城;x
b_lixin34134;利辛;x
b_woyang34135;涡阳;x
b_caoshi34136;曹市;x
b_xiyang34137;西阳;x
b_longshan34138;龙山;x
c_fuyang3414;阜阳;x
b_fuyang34141;阜阳;x
b_yingzhou34142;颍州;x
b_linquan34143;临泉;x
b_taihe34144;太和;x
b_funan34145;阜南;x
b_yingshang34146;颍上;x
b_jieshou34127;界首;x
b_yingdong34128;颍东;x
c_bengbu3415;蚌埠;x
b_bengbu34151;蚌埠;x
b_guzhen34152;固镇;x
b_huaiyuan34153;怀远;x
b_huaishang34154;淮上;x
b_yuhui34155;禹会;x
b_longzihu34156;龙子湖;x
b_bengshan34157;蚌山;x
b_wucha34158;五岔;x
d_huainan342;淮南;x
c_huainan3421;淮南;x
b_huainan34211;淮南;x
b_bagongshan34212;八公山;x
b_datong34213;大通;x
b_fengtai34214;凤台;x
b_panji34215;潘集;x
b_xiejiaji34216;谢家集;x
b_tianjiaan34217;田家庵;x
b_sanhe34218;三和;x
c_chuzhou3422;滁州;x
b_chuzhou34221;滁州;x
b_langya34222;琅琊;x
b_laian34223;来安;x
b_fengyang34224;凤阳;x
b_dingyuan34225;定远;x
b_nanqiao34226;南谯;x
b_tianchang34227;天长;x
b_mingguang34228;明光;x
c_hefei3423;合肥;x
b_hefei34231;合肥;x
b_luyang34232;庐阳;x
b_feixi34233;肥西;x
b_changfeng34234;长丰;x
b_yaohai34235;瑶海;x
b_baohe34236;包河;x
b_shushan34237;蜀山;x
b_feidong34238;肥东;x
c_luan3424;六安;x
b_luan34241;六安;x
b_shouxian34242;寿县;x
b_shucheng34243;舒城;x
b_jinzhai34244;金寨;x
b_yuan34245;裕安;x
b_huoqiu34246;霍邱;x
b_huoshan34227;霍山;x
b_jinan34228;金安;x
c_anqing3425;安庆;x
b_anqing34251;安庆;x
b_daguan34252;大观;x
b_susong34253;宿松;x
b_yuexi34254;岳西;x
b_wangjiang34255;望江;x
b_huaining34256;怀宁;x
b_yixiu34257;宜秀;x
b_qianshan34258;潜山;x
c_chaohu3426;巢湖;x
b_chaohu34261;巢湖;x
b_wuwei34262;无为;x
b_lujiang34263;庐江;x
b_hanshan34264;含山;x
b_hexian34265;和县;x
b_jinniu34266;金牛;x
b_dongguan34267;东关;x
b_longqiao34268;龙桥;x
d_huangshan343;黄山;x
c_maanshan3431;马鞍山;x
b_maanshan34311;马鞍山;x
b_bowang34312;博望;x
b_dangtu34313;当涂;x
b_yushan34314;雨山;x
b_huashan34315;花山;x
b_huoli34316;霍里;x
b_xiangshan34317;向山;x
b_yintang34318;银塘;x
c_wuhu3432;芜湖;x
b_wuhu34321;芜湖;x
b_sanshan34322;三山;x
b_nanling34323;南陵;x
b_jinghu34324;镜湖;x
b_yijiang34325;弋江;x
b_fanchang34326;繁昌;x
b_jiujiang34327;鸠江;x
b_hengshan34328;横山;x
c_tongling3433;铜陵;x
b_tongling34331;铜陵;x
b_shizishan34332;狮子山;x
b_tonggaunshan34333;铜官山;x
b_datong34334;大通;x
b_taiping34335;太平;x
b_shunan34336;顺安;x
b_zhongming34337;钟鸣;x
b_dongdian34338;董店;x
c_chizhou3434;池州;x
b_chizhou34341;池州;x
b_dongzhi34342;东至;x
b_shitai34343;石台;x
b_qingyang34344;青阳;x
b_guichi34345;贵池;x
b_fengyi34346;凤仪;x
b_jiuhua34327;九华;x
b_lingyang34328;陵阳;x
c_huangshan3435;黄山;x
b_huangshan34351;黄山;x
b_huizhou34352;徽州;x
b_qimen34353;祁门;x
b_xiuning34354;休宁;x
b_tunxi34355;屯溪;x
b_shexian34356;歙县;x
b_yixian34357;黟县;x
b_wucheng34358;五城;x
c_xuancheng3436;宣城;x
b_bengbu34361;宣城;x
b_guzhen34362;广德;x
b_huaiyuan34363;绩溪;x
b_huaishang34364;旌德;x
b_yuhui34365;宁国;x
b_longzihu34366;泾县;x
b_bengshan34367;郎溪;x
b_wucha34368;宣州;x
k_fujian35; 闽 ;x
d_mindong351;闽东;x
c_putian3511;莆田;x
b_putian35111;莆田;x
b_xianyou35112;仙游;x
b_hanjiang35113;涵江;x
b_xiuyu35114;秀屿;x
b_huating35115;华亭;x
b_gaiwei35116;盖尾;x
b_donghai35117;东海;x
b_changtai35118;常太;x
c_fuzhou3512;福州;x
b_fuzhou35121;福州;x
b_changle35122;长乐;x
b_pingtan35123;平潭;x
b_fuqing35124;福清;x
b_yongtai35125;永泰;x
b_minqing35126;闽清;x
b_minhou35127;闽侯;x
b_luoyuan35128;罗源;x
c_ningde3513;宁德;x
b_ningde35131;宁德;x
b_gutian35132;古田;x
b_pingnan35133;屏南;x
b_zhouning35134;周宁;x
b_fuan35135;福安;x
b_xiapu35136;霞浦;x
b_fuding35137;福鼎;x
b_shouning35138;寿宁;x
c_nanping3514;南平;x
b_nanping35141;南平;x
b_shunchang35142;顺昌;x
b_shaowu35143;邵武;x
b_jianyang35144;建阳;x
b_guangze35145;光泽;x
b_wuyishan35146;武夷山;x
b_songxi35147;松溪;x
b_zhenghe35148;政和;x
d_minxi352;闽西;x
c_zhangzhou3521;漳州;x
b_zhangzhou35211;漳州;x
b_longhai35212;龙海;x
b_zhangpu35213;漳浦;x
b_pinghe35214;平和;x
b_yunxiao35215;云霄;x
b_zhaoan35216;诏安;x
b_dongshan35217;东山;x
b_huaan35218;华安;x
c_xiamen3522;厦门;x
b_xiamen35221;厦门;x
b_jinmen35222;金门;x
b_jimei35223;集美;x
b_huli35224;湖里;x
b_haicang35225;海沧;x
b_siming35226;思明;x
b_jinsha35227;金沙;x
b_jinhu35228;金湖;x
c_longyan3523;龙岩;x
b_longyan35231;龙岩;x
b_zhangping35232;漳平;x
b_yongding35233;永定;x
b_shanghang35234;上杭;x
b_changting35235;长汀;x
b_liancheng35236;连城;x
b_wuping35237;武平;x
b_gutian35238;古田;x
c_sanming3524;三明;x
b_huairou35241;三明;x
b_miyun35242;永安;x
b_shunyi35243;大田;x
b_beishicheng35244;尤溪;x
b_mulin35245;沙县;x
b_xizhuang35246;明溪;x
b_zhangxin35247;建宁;x
b_chawu35248;宁化;x
c_quanzhou3525;泉州;x
b_quanhzou35251;泉州;x
b_anxi35252;安溪;x
b_yongchun35253;永春;x
b_dehua35254;德化;x
b_nanan35255;南安;x
b_jinjiang35256;晋江;x
b_huian35257;惠安;x
b_shishi35258;石狮;x
k_jiangxi36; 赣 ;x
d_nanchang361;南昌;x
c_jiujiang3611;九江;x
b_jiujiang36111;九江;x
b_lushan36112;庐山;x
b_hukou36113;湖口;x
b_pengze36114;彭泽;x
b_ruichang36115;瑞昌;x
b_wuning36116;武宁;x
b_xiushui36117;修水;x
b_duchang36118;都昌;x
c_nanchang3612;南昌;x
b_nanchang36121;南昌;x
b_jinxian36122;进贤;x
b_xinjian36123;新建;x
b_anyi36124;安义;x
b_qingshan36125;青山;x
b_qingyunpu36126;青云谱;x
b_xihu36127;西湖;x
b_wanli36128;湾里;x
c_wannian3613;万年;x
b_wannian36131;万年;x
b_poyang36132;鄱阳;x
b_yugan36133;余干;x
b_shizhen36134;石镇;x
b_qingyun36135;青云;x
b_raofeng36136;饶丰;x
b_lianhuashan36137;莲花山;x
b_ruihong36138;瑞洪;x
d_yichun362;宜春;x
c_yichun3621;宜春;x
b_yichun36211;宜春;x
b_wanzai36212;万载;x
b_shanggao36213;上高;x
b_yifeng36214;宜丰;x
b_tonggu36215;铜鼓;x
b_jingan36216;靖安;x
b_fengxin36217;奉新;x
b_zhangshu36218;樟树;x
c_xinyu3622;新余;x
b_xinyu36221;新余;x
b_yushui36222;渝水;x
b_fenyi36223;分宜;x
b_liangshan36224;良山;x
b_guanchao36225;观巢;x
b_fengyang36226;凤阳;x
b_gaolan36227;高岚;x
b_shuanglin36228;双林;x
c_pingxiang3623;萍乡;x
b_pingxiang36231;萍乡;x
b_anyuan36232;安源;x
b_xiangdong36233;湘东;x
b_luxi36234;芦溪;x
b_lianhua36235;莲花;x
b_shangli36236;上栗;x
b_lashi36237;腊市;x
b_cahngfeng36238;长丰;x
d_jingde363;景德;x
c_jingde3631;景德;x
b_jingde36311;景德;x
b_changjiang36312;昌江;x
b_fuliang36313;浮梁;x
b_leping36314;乐平;x
b_zhushan36315;珠山;x
b_shouan36316;寿安;x
b_hongyan36317;洪岩;x
b_jingcheng36318;竟成;x
c_shangrao3632;上饶;x
b_shangrao36321;上饶;x
b_yanshan36322;铅山;x
b_guangfeng36323;广丰;x
b_yushan36324;玉山;x
b_dexing36325;德兴;x
b_wuyuan36326;婺源;x
b_hengfeng36327;横峰;x
b_yiyang36328;弋阳;x
c_yingtan3633;鹰潭;x
b_yingtan36331;鹰潭;x
b_longhushan36332;龙虎山;x
b_yuehu36333;月湖;x
b_yujiang36334;余江;x
b_guixi36335;贵溪;x
b_pingding36336;平定;x
b_wenfang36337;文坊;x
b_shangqing36338;上清;x
d_ganzhou364;赣州;x
c_fuzhou3641;抚州;x
b_fuzhou36411;抚州;x
b_linchuan36412;临川;x
b_chongren36413;崇仁;x
b_lean36414;乐安;x
b_nanfeng36415;南丰;x
b_lichuan36416;黎川;x
b_jinxi36417;金溪;x
b_guangchang36418;广昌;x
c_ganzhou3642;赣州;x
b_ganzhou36421;赣州;x
b_yudu36422;于都;x
b_ruijin36423;瑞金;x
b_dingnan36424;定南;x
b_xingguo36425;兴国;x
b_anyuan36426;安远;x
b_chongyi36427;崇义;x
b_dayu36428;大余;x
c_jian3643;吉安;x
b_jian36431;吉安;x
b_taihe36432;泰和;x
b_suichuan36433;遂川;x
b_yongfeng36434;永丰;x
b_xingan36435;新干;x
b_anfu36436;安福;x
b_yongxin36437;永新;x
b_jinggangshan36438;井冈山;x
k_shandong37; 鲁 ;x
d_binzhou371;滨州;x
c_zhanhua3711;沾化;x
b_zhanhua37111;沾化;x
b_binhai37112;滨海;x
b_hekou37113;河口;x
b_liguo37114;利国;x
b_yihe37115;义和;x
b_gucheng37116;古城;x
b_gudao37117;孤岛;x
b_taiping37118;太平;x
c_wudi3712;无棣;x
b_wudi37121;无棣;x
b_jieshishan37122;碣石山;x
b_xinyang37123;信阳;x
b_chezhen37124;车镇;x
b_shuiwan37125;水湾;x
b_mashanzi37126;马山子;x
b_shejiaxiang37127;佘家巷;x
b_xixiaowang37128;西小王;x
c_binzhou3713;滨州;x
b_binzhou37131;滨州;x
b_lijin37132;利津;x
b_yangxin37133;阳信;x
b_huimin37134;惠民;x
b_shanghe37135;商河;x
b_jiyang37136;济阳;x
b_bincheng37137;滨城;x
b_shangji37138;尚集;x
c_dezhou3714;德州;x
b_dezhou37141;德州;x
b_qingyun37142;庆云;x
b_leling37143;乐陵;x
b_ningjin37144;宁津;x
b_lingxian37145;陵县;x
b_shentou37146;神头;x
b_taitousi37127;抬头寺;x
b_yuanqiao37128;袁桥;x
d_pingyuan372;平原;x
c_pingyuan3721;平原;x
b_pingyuan37211;平原;x
b_wucheng37212;武城;x
b_xiajin37213;夏津;x
b_qiancao37214;前曹;x
b_encheng37215;恩城;x
b_leiji37216;雷集;x
b_songlou37217;宋楼;x
b_baimahu37218;白马湖;x
c_yucheng3722;禹城;x
b_yucheng37221;禹城;x
b_qihe37222;齐河;x
b_linyi37223;临邑;x
b_xinglong37224;兴隆;x
b_anren37225;安仁;x
b_linnan37226;临南;x
b_antou37227;安头;x
b_huadian37228;华店;x
c_linqing3723;临清;x
b_linqing37231;临清;x
b_chiping37232;茌平;x
b_gaotang37233;高唐;x
b_yandian37234;烟店;x
b_yinji37235;尹集;x
b_boping37236;博平;x
b_guangping37237;广平;x
b_weiwan37238;魏湾;x
c_liaocheng3724;聊城;x
b_liaocheng37241;聊城;x
b_donge37242;东阿;x
b_yanggu37243;阳谷;x
b_guanxian37244;冠县;x
b_xinxian37245;莘县;x
b_dongchangfu37246;东昌府;x
b_dingshui37227;定水;x
b_acheng37228;阿城;x
d_jinan373;济南;x
c_jinan3731;济南;x
b_jinan37311;济南;x
b_zhangqiu37312;章丘;x
b_licheng37313;历城;x
b_changqing37314;长清;x
b_pingyin37315;平阴;x
b_lixia37316;历下;x
b_huaiyin37317;槐荫;x
b_tianqiao37318;天桥;x
c_zouping3732;邹平;x
b_zouping37321;邹平;x
b_huantai37322;桓台;x
b_gaoqing37323;高清;x
b_mingji37324;明集;x
b_tangshan37325;唐山;x
b_gaocheng37326;高城;x
b_qingcheng37327;青城;x
b_jiaoqiao37328;焦桥;x
c_dongying3733;东营;x
b_dongying37331;东营;x
b_kenli37332;垦利;x
b_boxing37333;博兴;x
b_guangrao37334;广饶;x
b_niuzhuang37335;牛庄;x
b_chunhua37336;纯化;x
b_huaguan37337;花官;x
b_longju37338;龙居;x
c_weifang3734;潍坊;x
b_weifang37341;潍坊;x
b_hanting37342;寒亭;x
b_changyi37343;昌邑;x
b_changle37344;昌乐;x
b_shouguang37345;寿光;x
b_longchi37346;龙池;x
b_fushan37327;符山;x
b_xingbu37328;杏埠;x
c_qingzhou3735;青州;x
b_qingzhou37351;青州;x
b_wolong37352;卧龙;x
b_linqu37353;临朐;x
b_longgang37354;龙岗;x
b_mihe37355;弥河;x
b_gaoliu37356;高柳;x
b_yishan37357;沂山;x
b_tanfang37358;谭坊;x
c_zibo3736;淄博;x
b_zibo37361;淄博;x
b_linzi37362;临淄;x
b_zhoucun37363;周村;x
b_zichuan37364;淄川;x
b_yiyuan37365;沂源;x
b_boshan37366;博山;x
b_longquan37367;龙泉;x
b_zihe37368;淄河;x
d_taishan374;泰山;x
c_laicheng3741;莱城;x
b_laiwu37411;莱芜;x
b_laicheng37412;莱城;x
b_xueye37413;雪野;x
b_gangcheng37414;钢城;x
b_xinzhuang37415;辛庄;x
b_yanzhuang37416;颜庄;x
b_huangzhuang37417;黄庄;x
b_yangli37418;羊里;x
c_taishan3742;泰山;x
b_taian37421;泰安;x
b_taishan37422;泰山;x
b_daiyue37423;岱岳;x
b_xintai37424;新泰;x
b_dawenkou37425;大汶口;x
b_tianbao37426;天宝;x
b_daolang37427;道朗;x
b_wennan37428;汶南;x
c_dongping3743;东平;x
b_dongping37431;东平;x
b_feicheng37432;肥城;x
b_ningyang37433;宁阳;x
b_huafeng37434;华丰;x
b_pengji37435;彭集;x
b_wenyang37436;汶阳;x
b_heshan37437;鹤山;x
b_xiaozhi37438;孝直;x
c_liangshan3744;梁山;x
b_liangshan37441;梁山;x
b_yinsi37442;寅寺;x
b_wenshang37443;汶上;x
b_xiaoanshan37444;小安山;x
b_kangyi37445;康驿;x
b_guanyi37446;馆驿;x
b_nanwang37427;南旺;x
b_hangang37428;韩岗;x
d_jining375;济宁;x
c_yuncheng3751;郓城;x
b_yuncheng37511;郓城;x
b_juye37512;巨野;x
b_zhencheng37513;甄城;x
b_fenghuang37514;凤凰;x
b_shenji37515;什集;x
b_dayi37516;大义;x
b_taiping37517;太平;x
b_wuan37518;武安;x
c_heze3752;菏泽;x
b_heze37521;菏泽;x
b_dongming37522;东明;x
b_dingtao37523;定陶;x
b_mudan37524;牡丹;x
b_dusi37525;都司;x
b_lvling37526;吕陵;x
b_menghai37527;孟海;x
b_dongmingji37528;东明集;x
c_caoxian3753;曹县;x
b_caoxian37531;曹县;x
b_chengwu37532;成武;x
b_shanxian37533;单县;x
b_taoyuan37534;桃源;x
b_houji37535;侯集;x
b_laihe37536;莱河;x
b_zhongxing37537;终兴;x
b_baifutu37538;白浮屠;x
c_jining3754;济宁;x
b_jining37541;济宁;x
b_jiaxiang37542;嘉祥;x
b_rencheng37543;任城;x
b_yutai37544;鱼台;x
b_jinxiang37545;金乡;x
b_qinghe37546;清河;x
b_zhongshan37527;仲山;x
b_wolongshan37528;卧龙山;x
d_yanzhou376;兖州;x
c_yanzhou3761;兖州;x
b_jinan37611;兖州;x
b_zhangqiu37612;曲阜;x
b_licheng37613;泗水;x
b_changqing37614;邹城;x
b_pingyin37615;陵城;x
b_lixia37616;大安;x
b_huaiyin37617;平阳寺;x
b_tianqiao37618;泗张;x
c_xuecheng3762;薛城;x
b_xuecheng37621;薛城;x
b_weishan37622;微山;x
b_tengzhou37623;藤州;x
b_shanting37624;山亭;x
b_yicheng37625;峄城;x
b_longyang37626;龙阳;x
b_taierzhuang37627;台儿庄;x
b_zaozhuang37628;枣庄;x
c_pingyi3763;平邑;x
b_pingyi37631;平邑;x
b_cangshan37632;苍山;x
b_feixian37633;费县;x
b_bolin37634;柏林;x
b_linjian37635;临涧;x
b_shaoyaoshan37636;芍药山;x
b_shangyan37637;尚岩;x
b_moshan37638;磨山;x
c_yishui3764;沂水;x
b_yishui37641;沂水;x
b_mengyin37642;蒙阴;x
b_yinan37643;沂南;x
b_zhuge37644;诸葛;x
b_jiepai37645;界牌;x
b_yedian37646;野店;x
b_puwang37627;蒲汪;x
b_yiwen37628;依汶;x
c_linyi3765;临沂;x
b_linyi37651;临沂;x
b_linshu37652;临沭;x
b_tancheng37653;郯城;x
b_junan37654;莒南;x
b_lanshan37655;兰山;x
b_hedong37656;河东;x
b_luozhuang37657;罗庄;x
b_nangu37658;南古;x
d_jimo377;即墨;x
c_juxian3771;莒县;x
b_juxian37711;莒县;x
b_wulian37712;五莲;x
b_lanshan37713;岚山;x
b_donggang37714;东港;x
b_hushan37715;虎山;x
b_luohe37716;洛河;x
b_nanhu37717;南湖;x
b_rizhao37718;日照;x
c_zhucheng3772;诸城;x
b_zhucheng37721;诸城;x
b_changcheng37722;昌城;x
b_anqiu37723;安丘;x
b_xiangzhou37724;相州;x
b_linwu37725;临浯;x
b_linghe37726;凌河;x
b_dasheng37727;大盛;x
b_jingzhi37728;景芝;x
c_jiaozhou3773;胶州;x
b_jiaozhou37731;胶州;x
b_huangdao37732;黄岛;x
b_jiaonan37733;胶南;x
b_jiaodong37734;胶东;x
b_jiaoxi37735;胶西;x
b_jiulong37736;九龙;x
b_baoshan37737;宝山;x
b_lingshandao37738;灵山岛;x
c_gaomi3774;高密;x
b_weifang37741;高密;x
b_hanting37742;平度;x
b_changyi37743;莱西;x
b_changle37744;柏城;x
b_shouguang37745;河崖;x
b_longchi37746;兰底;x
b_fushan37727;长乐;x
b_xingbu37728;南墅;x
c_jimo3775;即墨;x
b_jimo37751;即墨;x
b_laoshan37752;崂山;x
b_chengyang37753;城阳;x
b_licang37754;李沧;x
b_daxin37755;大信;x
b_wenquan37756;温泉;x
b_donggu37757;东古;x
b_qingdao37758;青岛;x
d_yantai378;烟台;x
c_laiyang3781;莱阳;x
b_laiyang37811;莱阳;x
b_wandi37812;万第;x
b_haiyang37813;海阳;x
b_wandi37814;万第;x
b_panshidian37815;盘石店;x
b_muyudian37816;沐浴店;x
b_facheng37817;发城;x
b_tuanwang37818;团旺;x
c_wendeng3782;文登;x
b_zouping37821;文登;x
b_huantai37822;荣成;x
b_gaoqing37823;乳山;x
b_mingji37824;环翠;x
b_tangshan37825;育黎;x
b_gaocheng37826;黄岛;x
b_qingcheng37827;羊亭;x
b_jiaoqiao37828;威海;x
c_yantai3783;烟台;x
b_yantai37831;烟台;x
b_fushan37832;福山;x
b_muping37833;牟平;x
b_laishan37834;莱山;x
b_zhifu37835;芝罘;x
b_menlou37836;门楼;x
b_guanshui37837;观水;x
b_gaoling37838;高陵;x
c_penglai3784;蓬莱;x
b_penglai37841;蓬莱;x
b_changdao37842;长岛;x
b_qixia37843;栖霞;x
b_chaoshui37844;潮水;x
b_tingkou37845;亭口;x
b_beigou37846;北沟;x
b_guanli37827;观里;x
b_daxindian37828;大辛店;x
c_laizhou3785;莱州;x
b_laizhou37851;莱州;x
b_longkou37852;龙口;x
b_zhaoyuan37853;招远;x
b_yidao37854;驿道;x
b_zhuqiao37855;朱桥;x
b_linglong37856;玲珑;x
b_beima37857;北马;x
b_qishan37858;齐山;x
k_henan41; 豫 ;x
d_anyang411;安阳;x
c_puyang4111;濮阳;x
b_puyang41111;濮阳;x
b_hualong41112;华龙;x
b_qingfeng41113;清丰;x
b_nanle41114;南乐;x
b_fanxian41115;范县;x
b_taiqian41116;台前;x
b_gucheng41117;古城;x
b_pucheng41118;濮城;x
c_anyang4112;安阳;x
b_anyang41121;安阳;x
b_beiguan41122;北关;x
b_yindu41123;殷都;x
b_tangyin41124;汤阴;x
b_neihuang41125;内黄;x
b_linzhou41126;林州;x
b_wenfeng41127;文峰;x
b_longan41128;龙安;x
c_hebi4113;鹤壁;x
b_hebi41131;鹤壁;x
b_heshan41132;鹤山;x
b_qibin41133;淇滨;x
b_xunxian41134;浚县;x
b_qixian41135;淇县;x
b_shancheng41136;山城;x
b_weixian41137;卫贤;x
b_longgong41138;龙宫;x
c_huazhou4114;滑州;x
b_huazhou41141;滑州;x
b_fanxiang41142;樊相;x
b_changyuan41143;长垣;x
b_gaoping41144;高平;x
b_fangli41145;方里;x
b_jiaohu41146;焦虎;x
b_baidaokou41127;白道口;x
b_liugu41128;留固;x
c_xinxiang4115;新乡;x
b_xinxiang41151;新乡;x
b_muye41152;牧野;x
b_weihui41153;卫辉;x
b_yanjin41154;延津;x
b_huixian41155;辉县;x
b_yuanyang41156;原阳;x
b_fengqiu41157;封丘;x
b_huojia41158;获嘉;x
c_jiaozuo4116;焦作;x
b_jiaozuo41161;焦作;x
b_shanyang41162;山阳;x
b_qinyang41163;沁阳;x
b_mengzhou41164;孟州;x
b_xiuwu41165;修武;x
b_boai41166;博爱;x
b_wenxian41167;温县;x
b_wuzhi41168;武陟;x
d_luoyang412;洛阳;x
c_jiyuan4121;济源;x
b_jiyuan41211;济源;x
b_jili41212;吉利;x
b_mengjin41213;孟津;x
b_xinan41214;新安;x
b_chaoyang41215;朝阳;x
b_wangwu41216;王屋;x
b_xiaye41217;下冶;x
b_huimemg41218;会盟;x
c_sanmenxia4122;三门峡;x
b_sanmenxia41221;三门峡;x
b_lingbao41222;灵宝;x
b_mianchi41223;渑池;x
b_hanguguan41224;函谷关;x
b_shanxian41225;陕县;x
b_lushi41226;卢氏;x
b_yima41227;义马;x
b_binhu41228;滨湖;x
c_ruyang4123;汝阳;x
b_ruyang41231;汝阳;x
b_songxian41232;嵩县;x
b_luoning41233;洛宁;x
b_luanchuan41234;栾川;x
b_qixian41235;淇县;x
b_tianhu41236;田湖;x
b_deting41237;德亭;x
b_dazhang41238;大章;x
c_luoyang4124;洛阳;x
b_luoyang41241;洛阳;x
b_luolong41242;洛龙;x
b_yiyang41243;宜阳;x
b_yichuan41244;伊川;x
b_laocheng41245;老城;x
b_xigong41246;西工;x
b_jianxi41227;涧西;x
b_chanhe41228;e河;x
d_xuchang413;许昌;x
c_xingyang4131;荥阳;x
b_xingyang41311;荥阳;x
b_xinmi41312;新密;x
b_gongyi41313;巩义;x
b_dengfeng41314;登封;x
b_sishui41315;汜水;x
b_shangjie41316;上街;x
b_gaoshan41317;高山;x
b_heluo41318;河洛;x
c_zhengzhou4132;郑州;x
b_zhengzhou41321;郑州;x
b_jinshui41322;金水;x
b_zhongyuan41323;中原;x
b_xinzheng41324;新郑;x
b_zhongmou41325;中牟;x
b_huiji41326;惠济;x
b_erqi41327;二七;x
b_guandu41328;官渡;x
c_luohe4133;漯河;x
b_luohe41331;漯河;x
b_zhaoling41332;召陵;x
b_wuyang41333;舞阳;x
b_yancheng41334;郾城;x
b_linying41335;临颍;x
b_yuanhui41336;源汇;x
b_mengmiao41337;孟庙;x
b_longcheng41338;龙城;x
c_xuchang4134;许昌;x
b_xuchang41341;许昌;x
b_xiangcheng41342;襄城;x
b_yuzhou41343;禹州;x
b_weidu41344;魏都;x
b_yanling41345;鄢陵;x
b_changge41346;长葛;x
b_shangji41327;尚集;x
b_shigu41328;石固;x
c_ruzhou4135;汝州;x
b_ruzhou41351;汝州;x
b_jiaxian41352;郏县;x
b_baofeng41353;宝丰;x
b_shilong41354;石龙;x
b_wenquan41355;温泉;x
b_shiqiao41356;石桥;x
b_anliang41357;安良;x
b_mangchuan41358;蟒川;x
d_kaifeng414;开封;x
c_kaifeng4141;开封;x
b_kaifeng41411;开封;x
b_longting41412;龙亭;x
b_tongxu41413;通许;x
b_qixian41414;杞县;x
b_yuwangtai41415;禹王台;x
b_jinming41416;金明;x
b_shunhe41417;顺河;x
b_gulou41418;鼓楼;x
c_lankao4142;兰考;x
b_lankao41421;兰考;x
b_minquan41422;民权;x
b_suixian41423;睢县;x
b_yifeng41424;仪封;x
b_pinggang41425;平岗;x
b_beiguan41426;北关;x
b_nanzhang41427;南彰;x
b_longtang41428;龙塘;x
c_shangqiu4143;商丘;x
b_shangqiu41431;商丘;x
b_suiyang41432;睢阳;x
b_ningling41433;宁陵;x
b_zhecheng41434;柘城;x
b_lema41435;勒马;x
b_anping41436;安平;x
b_huanggang41437;黄岗;x
b_shuangba41438;双八;x
c_yongcheng4144;永城;x
b_yongcheng41441;永城;x
b_yucheng41442;虞城;x
b_xiayi41443;夏邑;x
b_jiyang41444;济阳;x
b_yingpan41445;营盘;x
b_mangshan41446;芒山;x
b_wolong41427;卧龙;x
b_yingkuo41428;营廓;x
c_huaiyang4145;淮阳;x
b_huaiyang41451;淮阳;x
b_taikang41452;太康;x
b_fugou41453;扶沟;x
b_xihua41454;西华;x
b_biangang41455;汴岗;x
b_fengmu41456;奉母;x
b_qingheyi41457;清河驿;x
b_lutai41458;鲁台;x
c_zhoukou4146;周口;x
b_zhoukou41461;周口;x
b_shangshui41462;商水;x
b_xiangcheng41463;项城;x
b_dancheng41464;郸城;x
b_luyi41465;鹿邑;x
b_shenqiu41466;沈丘;x
b_huichuan41467;汇川;x
b_nanfeng41468;南丰;x
d_nanyang415;南阳;x
c_pingdingshan4151;平顶山;x
b_pingdingshan41511;平顶山;x
b_lushan41512;鲁山;x
b_yexian41513;叶县;x
b_wugang41514;舞钢;x
b_weidong41515;卫东;x
b_xinhua41516;新华;x
b_zhanhe41517;湛河;x
b_zhangliang41518;张良;x
c_nanyang4152;南阳;x
b_nanyang41521;南阳;x
b_fangcheng41522;方城;x
b_wancheng41523;宛城;x
b_sheqi41524;社旗;x
b_nanzhao41525;南召;x
b_zhenping41526;镇平;x
b_pushan41527;蒲山;x
b_wolong41528;卧龙;x
c_dengzhou4153;邓州;x
b_dengzhou41531;邓州;x
b_neixiang41532;内乡;x
b_xixia41533;西峡;x
b_xichuan41534;淅川;x
b_fenghuang41535;凤凰;x
b_danshui41536;丹水;x
b_chimei41537;赤眉;x
b_dusi41538;都司;x
c_xinye4154;新野;x
b_xinye41541;新野;x
b_tongbai41542;桐柏;x
b_tanghe41543;唐河;x
b_huyang41544;湖阳;x
b_shayan41545;沙堰;x
b_dahe41546;大河;x
b_huilong41527;回龙;x
b_yuantan41528;源潭;x
d_runan416;汝南;x
c_zhumadian4161;驻马店;x
b_zhumadian41611;驻马店;x
b_queshan41612;确山;x
b_biyang41613;泌阳;x
b_xiping41614;西平;x
b_suiping41615;遂平;x
b_yicheng41616;驿城;x
b_wagang41617;瓦岗;x
b_tongshan41618;铜山;x
c_runan4162;汝南;x
b_runan41621;汝南;x
b_shangcai41622;上蔡;x
b_zhengyang41623;正阳;x
b_pingyu41624;平舆;x
b_huapi41625;华陂;x
b_hexiao41626;和孝;x
b_chongli41627;崇礼;x
b_tongzhong41628;铜钟;x
c_xinyang4163;信阳;x
b_xinyang41631;信阳;x
b_luoshan41632;罗山;x
b_guangshan41633;光山;x
b_xinxian41634;新县;x
b_shihe41635;负;x
b_pingqiao41636;平桥;x
b_lingshan41637;灵山;x
b_shawo41638;沙窝;x
c_xincai4164;新蔡;x
b_xincai41641;新蔡;x
b_fogesi41642;佛阁寺;x
b_xixian41643;息县;x
b_huaibin41644;淮滨;x
b_longkou41645;龙口;x
b_dongyue41646;东岳;x
b_taitou41627;台头;x
b_qisi41628;期思;x
c_gushi4165;固始;x
b_gushi41651;固始;x
b_zushi41652;祖师;x
b_huangchaun41653;潢川;x
b_shangcheng41654;商城;x
b_renhe41655;仁和;x
b_fenggang41656;丰港;x
b_suxianshi41657;苏仙石;x
b_niugang41658;牛岗;x
k_hubei42; 鄂 ;x
d_jingbei421;荆北;x
c_shiyan4211;十堰;x
b_shiyan42111;十堰;x
b_wudangshan42112;武当山;x
b_yunxian42113;郧县;x
b_danjiangkou42114;丹江口;x
b_yunxi42115;郧西;x
b_zhangwan42116;张湾;x
b_maojian42117;茅箭;x
b_huanglong42118;黄龙;x
c_fangxian4212;房县;x
b_fangxian42121;房县;x
b_shenlongjia42122;神龙架;x
b_zhuxi42123;竹溪;x
b_zhushan42124;竹山;x
b_hualongyan42125;化龙堰;x
b_guandu42126;官渡;x
b_tucheng42127;土城;x
b_qingu42128;秦古;x
c_nanzhang4213;南漳;x
b_nanzhang42131;南漳;x
b_baokang42132;保康;x
b_gucheng42133;谷城;x
b_laohekou42134;老河口;x
b_zijin42135;紫金;x
b_nanhe42136;南河;x
b_xianrendu42137;仙人渡;x
b_lengji42138;冷集;x
c_xiangfan4214;襄樊;x
b_xiangyang42141;襄阳;x
b_fancheng42142;樊城;x
b_xiangzhou42143;襄州;x
b_zaoyang42144;枣阳;x
b_yicheng42145;宜城;x
b_niushou42146;牛首;x
b_dongjin42127;东津;x
b_oumiao42128;欧庙;x
c_suizhou4215;随州;x
b_suizhou42151;随州;x
b_zengdu42152;曾都;x
b_guangshui42153;广水;x
b_gaocheng42154;高城;x
b_anju42155;安居;x
b_songzhuang42156;宋庄;x
b_xihe42157;淅河;x
b_junchuan42158;均川;x
c_anlu4216;安陆;x
b_anlu42161;安陆;x
b_xiaochang42162;孝昌;x
b_dawu42163;大悟;x
b_yangping42164;阳平;x
b_taiping42165;太平;x
b_jidian42166;季店;x
b_yandian42167;烟店;x
b_xundian42168;巡店;x
d_wuhan422;武汉;x
c_macheng4221;麻城;x
b_macheng42211;麻城;x
b_luotian42212;罗田;x
b_yingshan42213;英山;x
b_hongan42214;红安;x
b_baiguo42215;白果;x
b_yongjiahe42216;永佳河;x
b_tiemengang42217;铁门岗;x
b_yantianhe42218;盐田河;x
c_huanggang4222;黄冈;x
b_huanggang42221;黄冈;x
b_huangzhou42222;黄州;x
b_tuanfeng42223;团风;x
b_xishui42224;浠水;x
b_wuxue42225;武穴;x
b_huangmei42226;黄梅;x
b_qichun42227;蕲春;x
b_huilongshan42228;回龙山;x
c_huangshi4223;黄石;x
b_huangshi42231;黄石;x
b_xisaishan42232;西塞山;x
b_xialu42233;下陆;x
b_tieshan42234;铁山;x
b_yangxin42235;阳新;x
b_daye42236;大冶;x
b_huangshigang42237;黄石港;x
b_futu42238;浮屠;x
c_ezhou4224;鄂州;x
b_echeng42241;鄂城;x
b_huarong42242;华容;x
b_liangzihu42243;梁子湖;x
b_dushan42244;杜山;x
b_putuan42245;蒲团;x
b_shawo42246;沙窝;x
b_zhaoshan42227;沼山;x
b_zelin42228;泽林;x
c_wuhan4225;武汉;x
b_wuhan42251;武汉;x
b_caidian42252;蔡甸;x
b_jiangxia42253;江夏;x
b_hannan42254;汉南;x
b_huangpi42255;黄陂;x
b_xinzhou42256;新洲;x
b_hongshan42257;洪山;x
b_hanyang42258;汉阳;x
c_xianning4226;咸宁;x
b_xianning42261;咸宁;x
b_tongshan42262;通山;x
b_chongyang42263;崇阳;x
b_chibi42264;赤壁;x
b_jiayu42265;嘉鱼;x
b_tongcheng42266;通城;x
b_xianan42267;咸安;x
b_xiangyanghu42268;向阳湖;x
d_jingnan423;荆南;x
c_honghu4231;洪湖;x
b_honghu42311;洪湖;x
b_jianli42312;监利;x
b_shishou42313;石首;x
b_wulin42314;乌林;x
b_dongsheng42315;东升;x
b_wanquan42316;万全;x
b_tuomu42317;拓木;x
b_zhuhe42318;朱河;x
c_tianmen4232;天门;x
b_tianmen42321;天门;x
b_qianjiang42322;潜江;x
b_xiantao42323;仙桃;x
b_yuekou42324;岳口;x
b_pengshi42325;彭市;x
b_sanfutan42326;三伏潭;x
b_fuxing42327;复兴;x
b_mayang42328;麻洋;x
c_xiaogan4233;孝感;x
b_xiaogan42331;孝感;x
b_yunmeng42332;云梦;x
b_yingcheng42333;应城;x
b_hanchuan42334;汉川;x
b_sanhe42335;三合;x
b_mahe42336;麻河;x
b_xijiang42337;西江;x
b_langjun42338;郎君;x
c_jingmen4234;荆门;x
b_jingmen42341;荆门;x
b_jingshan42342;京山;x
b_shayang42343;沙洋;x
b_zhongxiang42344;钟祥;x
b_dongbao42345;东宝;x
b_duodao42346;掇刀;x
b_ziling42327;子陵;x
b_shipai42328;石牌;x
c_jingzhou4235;荆州;x
b_jingzhou42351;荆州;x
b_gongan42352;公安;x
b_jiangling42353;江陵;x
b_songzi42354;松滋;x
b_shashi42355;沙市;x
b_balingshan42356;八岭山;x
b_mishi42357;弥市;x
b_baimasi42358;白马寺;x
c_yiling4236;夷陵;x
b_yiling42361;夷陵;x
b_dangyang42362;当阳;x
b_yuanan42363;远安;x
b_zhijiang42364;枝江;x
b_xiling42365;西陵;x
b_wujiagang42366;伍家岗;x
b_longquan42367;龙泉;x
b_xiaoting42368;V亭;x
d_exi424;鄂西;x
c_yidu4241;宜都;x
b_yidu42411;宜都;x
b_dianjun42412;点军;x
b_changyang42413;长阳;x
b_wufeng42414;五峰;x
b_zhicheng42415;枝城;x
b_moshi42416;磨市;x
b_lianpeng42417;联棚;x
b_caihua42418;采花;x
c_zigui4242;秭归;x
b_zigui42421;秭归;x
b_shuiyuesi42422;水月寺;x
b_nanyang42423;南阳;x
b_xingshan42424;兴山;x
b_guizhou42425;归州;x
b_gaoyang42426;高阳;x
b_quyuan42427;屈原;x
b_lianghekou42428;两河口;x
c_badong4243;巴东;x
b_badong42431;巴东;x
b_hongyansi42432;红岩寺;x
b_hefeng42433;鹤峰;x
b_jianshi42434;建始;x
b_jingyang42435;景阳;x
b_maotian42436;茅田;x
b_wuyang42437;邬阳;x
b_zouma42438;走马;x
c_enshi4244;恩施;x
b_enshi42441;恩施;x
b_longfeng42442;龙凤;x
b_xuanen42443;宣恩;x
b_xima42444;洗马;x
b_guihua42445;桂花;x
b_shadaogou42446;沙道沟;x
b_damu42427;大木;x
b_shuanglong42428;双龙;x
c_lichuan4245;利川;x
b_lichuan42451;利川;x
b_xianfeng42452;咸丰;x
b_laifeng42453;来凤;x
b_taoyuan42454;桃园;x
b_jianshan42455;尖山;x
b_wendou42456;文斗;x
b_moudao42457;谋道;x
b_luming42458;鹿鸣;x
k_hunan43; 湘 ;x
d_hengshan431;衡山;x
c_yongzhou4311;永州;x
b_yongzhou43111;永州;x
b_ningyuan43112;宁远;x
b_lingling43113;零陵;x
b_jianghua43114;江华;x
b_xintian43115;新田;x
b_lanshan43116;蓝山;x
b_qiyang43117;祁阳;x
b_dongan43118;东安;x
c_chenzhou4312;郴州;x
b_chenzhou43121;郴州;x
b_suxian43122;苏仙;x
b_guiyang43123;桂阳;x
b_yizhang43124;宜章;x
b_jiahe43125;嘉禾;x
b_rucheng43126;汝城;x
b_anren43127;安仁;x
b_linwu43128;临武;x
c_hengyang4313;衡阳;x
b_hengyang43131;衡阳;x
b_hengshan43132;衡山;x
b_changning43133;常宁;x
b_leiyang43134;耒阳;x
b_hengnan43135;衡南;x
b_qidong43136;祁东;x
b_shigu43137;石鼓;x
b_hengdong43138;衡东;x
d_changsha432;长沙;x
c_zhuzhou4321;株洲;x
b_zhuzhou43211;株洲;x
b_chaling43212;茶陵;x
b_liling43213;醴陵;x
b_yanling43214;炎陵;x
b_tianyuan43215;天元;x
b_youxian43216;攸县;x
b_shifeng43217;石峰;x
b_hetang43218;荷塘;x
c_xiangtan4322;湘潭;x
b_xiangtan43221;湘潭;x
b_xiangxiang43222;湘乡;x
b_shaoshan43223;韶山;x
b_yuetang43224;岳塘;x
b_yuhu43225;雨湖;x
b_qingxi43226;清溪;x
b_yongyi43227;永义;x
b_shitan43228;石潭;x
c_changsha4323;长沙;x
b_changsha43231;长沙;x
b_ningxiang43232;宁乡;x
b_liuyang43233;浏阳;x
b_wangcheng43234;望城;x
b_furong43235;芙蓉;x
b_yuelu43236;岳麓;x
b_kaifu43237;开福;x
b_tianxin43238;天心;x
d_wuling433;武陵;x
c_loudi4331;娄底;x
b_loudi43311;娄底;x
b_shuangfeng43312;双峰;x
b_xinhua43313;新化;x
b_lianyuan43314;涟源;x
b_louxing43315;娄星;x
b_lengshuijiang43316;冷水江;x
b_yongfeng43317;永丰;x
b_shangmei43318;上梅;x
c_shaoyang4332;邵阳;x
b_shaoyang43321;邵阳;x
b_wugang43322;武冈;x
b_xinning43323;新宁;x
b_suining43324;绥宁;x
b_longhui43325;隆回;x
b_shaodong43326;邵东;x
b_chengbu43327;城步;x
b_dongkou43328;洞口;x
c_huaihua4333;怀化;x
b_huaihua43331;怀化;x
b_yuanling43332;沅陵;x
b_huitong43333;会同;x
b_mayang43334;麻阳;x
b_xinhuang43335;新晃;x
b_jingzhou43336;靖州;x
b_hongjiang43337;洪江;x
b_chenxi43338;辰溪;x
c_jishou4334;吉首;x
b_jishou43341;吉首;x
b_luxi43342;泸溪;x
b_fenghuang43343;凤凰;x
b_huayuan43344;花垣;x
b_baojing43345;保靖;x
b_guzhang43346;古丈;x
b_yongshun43327;永顺;x
b_longshan43328;龙山;x
d_dongting434;洞庭;x
c_zhangjiajie4341;张家界;x
b_zhangjiajie43411;张家界;x
b_yongding43412;永定;x
b_wulingyuan43413;武陵源;x
b_cili43414;慈利;x
b_sangzhi43415;桑植;x
b_lingyang43416;零阳;x
b_liyuan43417;澧源;x
b_dongyueguan43418;东岳观;x
c_changde4342;常德;x
b_changde43421;常德;x
b_lixian43422;澧县;x
b_hanshou43423;汉寿;x
b_anxiang43424;安乡;x
b_dingcheng43425;鼎城;x
b_taoyuan43426;桃源;x
b_shimen43427;石门;x
b_jinshi43428;津市;x
c_yiyang4343;益阳;x
b_yiyang43431;益阳;x
b_ziyang43432;资阳;x
b_heshan43433;赫山;x
b_nanxian43434;南县;x
b_taojiang43435;桃江;x
b_anhua43436;安化;x
b_yuanjiang43437;沅江;x
b_taohuajiang43438;桃花江;x
c_yueyang4344;岳阳;x
b_bijie43441;岳阳;x
b_dafang43442;华容;x
b_jinsha43443;临湘;x
b_qianxi43444;汨罗;x
b_qianxi43445;平江;x
b_nayong43446;湘阴;x
b_hezhang43427;君山;x
b_weining43428;云溪;x
k_guangdong44; 粤 ;x
d_yuexi441;粤西;x
c_zhanjiang4411;湛江;x
b_zhanjiang44111;湛江;x
b_xiashan44112;霞山;x
b_leizhou44113;雷州;x
b_xuwen44114;徐闻;x
b_suixi44115;遂溪;x
b_lianjiang44116;廉江;x
b_wuchuan44117;吴川;x
b_mazhang44118;麻章;x
c_maoming4412;茂名;x
b_maoming44121;茂名;x
b_dianbai44122;电白;x
b_huazhou44123;化州;x
b_gaozhou44124;高州;x
b_xinyi44125;信宜;x
b_maonan44126;茂南;x
b_maogang44127;茂港;x
b_shuidong44128;水东;x
c_yangjiang4413;阳江;x
b_yangjiang44131;阳江;x
b_yangdong44132;阳东;x
b_yangchun44133;阳春;x
b_yangxi44134;阳西;x
b_jiangcheng44135;江城;x
b_xinxu44136;新圩;x
b_yashao44137;雅韶;x
b_pinggang44138;平冈;x
c_yunfu4414;云浮;x
b_yunfu44141;云浮;x
b_xinxing44142;新兴;x
b_yunan44143;云安;x
b_yunan44144;郁南;x
b_luoding44145;罗定;x
b_yuncheng44146;云城;x
b_dafang44127;大方;x
b_baishi44128;白石;x
c_jiangmen4415;江门;x
b_chaoyang44151;江门;x
b_tongzhou44152;台山;x
b_sanhe44153;开平;x
b_dachang44154;恩平;x
b_xianghe44155;鹤山;x
b_songzhuang44156;蓬江;x
b_xiaowu44157;新会;x
b_fengheying44158;江海;x
d_panyu442;番禺;x
c_zhuhai4421;珠海;x
b_zhuhai44211;珠海;x
b_zhongshan44212;中山;x
b_aomen44213;澳门;x
b_xiangzhou44214;香洲;x
b_doumen44215;斗门;x
b_jinwan44216;金湾;x
b_shenwan44217;神湾;x
b_dongsheng44218;东升;x
c_foshan4422;佛山;x
b_foshan44221;佛山;x
b_gaoming44222;高明;x
b_shunde44223;顺德;x
b_nanhai44224;南海;x
b_sanshui44225;三水;x
b_chancheng44226;禅城;x
b_xiqiao44227;西樵;x
b_mingcheng44228;明城;x
c_guangzhou4423;广州;x
b_guangzhou44231;广州;x
b_baiyun44232;白云;x
b_panyu44233;番禺;x
b_conghua44234;从化;x
b_huadu44235;花都;x
b_luogang44236;萝岗;x
b_nansha44237;南沙;x
b_huangpu44238;黄埔;x
c_dongguan4424;东莞;x
b_dongguan44241;东莞;x
b_xianggang44242;香港;x
b_shenzhen44243;深圳;x
b_guangming44244;光明;x
b_humen44245;虎门;x
b_baoan44246;宝安;x
b_wanjiang44227;万江;x
b_longgang44228;龙岗;x
c_huizhou4425;惠州;x
b_huizhou44251;惠州;x
b_longmen44252;龙门;x
b_boluo44253;博罗;x
b_huidong44254;惠东;x
b_huiyang44255;惠阳;x
b_huicheng44256;惠城;x
b_zhenlong44257;镇隆;x
b_yonghan44258;永汉;x
d_yuedong443;粤东;x
c_shanwei4431;汕尾;x
b_shanwei44311;汕尾;x
b_haifeng44312;海丰;x
b_lufeng44313;陆丰;x
b_luhe44314;陆河;x
b_pingdong44315;平东;x
b_dongkeng44316;东坑;x
b_jieshi44317;碣石;x
b_jinxiang44318;金厢;x
c_jieyang4432;揭阳;x
b_jieyang44321;揭阳;x
b_rongcheng44322;榕城;x
b_jiedong44323;揭东;x
b_jiexi44324;揭西;x
b_huilai44325;惠来;x
b_puning44326;普宁;x
b_yunluo44327;云落;x
b_fengjiang44328;凤江;x
c_shantou4433;汕头;x
b_shantou44331;汕头;x
b_nanao44332;南澳;x
b_jinping44333;金平;x
b_haojiang44334;濠江;x
b_longhu44335;龙湖;x
b_chenghai44336;澄海;x
b_chaoyang44337;潮阳;x
b_chaonan44338;潮南;x
c_chaozhou4434;潮州;x
b_chaozhou44341;潮州;x
b_fengxi44342;枫溪;x
b_chaoan44343;潮安;x
b_raoping44344;饶平;x
b_dongfeng44345;东凤;x
b_xinfeng44346;新丰;x
b_shaxi44327;沙溪;x
b_tuolin44328;拓林;x
c_meizhou4435;梅州;x
b_guiyang44351;梅州;x
b_qingzhen44352;兴宁;x
b_xiuwen44353;五华;x
b_kaiyang44354;丰顺;x
b_xifeng44355;平远;x
b_wudang44356;大埔;x
b_huaxi44357;蕉岭;x
b_guanshanhu44358;梅县;x
d_yuebei444;粤北;x
c_heyuan4441;河源;x
b_heyuan44411;河源;x
b_zijin44412;紫金;x
b_dongyuan44413;东源;x
b_longchuan44414;龙川;x
b_heping44415;和平;x
b_lianping44416;连平;x
b_guzhu44417;古竹;x
b_tongqu44418;通衢;x
c_shaoguan4442;韶关;x
b_shaoguan44421;韶关;x
b_xinfneg44422;新丰;x
b_nanxiong44423;南雄;x
b_lechang44424;乐昌;x
b_ruyuan44425;乳源;x
b_renhua44426;仁化;x
b_wengyuan44427;翁源;x
b_shixing44428;始兴;x
c_zhaoqing4443;肇庆;x
b_zhaoqing44431;肇庆;x
b_gaoyao44432;高要;x
b_dinghu44433;鼎湖;x
b_sihui44434;四会;x
b_deqing44435;德庆;x
b_guangning44436;广宁;x
b_huaiji44437;怀集;x
b_fengkai44438;封开;x
c_qingyuan4444;清远;x
b_qingyuan44441;清远;x
b_fogang44442;佛冈;x
b_yingde44443;英德;x
b_yangshan44444;阳山;x
b_lianzhou44445;连州;x
b_lianshan44446;连山;x
b_liannan44427;连南;x
b_qingxin44428;清新;x
k_guangxi45; 桂 ;x
d_guinan451;桂南;x
c_beihai4511;北海;x
b_beihai45111;北海;x
b_haicheng45112;海城;x
b_yinhai45113;银海;x
b_tieshangang45114;铁山港;x
b_hepu45115;合浦;x
b_yintan45116;银滩;x
b_nankang45117;南康;x
b_lianzhou45118;廉州;x
c_qinzhou4512;钦州;x
b_qinzhou45121;钦州;x
b_qinnan45122;钦南;x
b_qinbei45123;钦北;x
b_lingshan45124;灵山;x
b_pubei45125;浦北;x
b_xiaojiang45126;小江;x
b_sanhai45127;三海;x
b_beitong45128;北通;x
c_bianchenggang4513;边城港;x
b_bianchenggang45131;边城港;x
b_gangkou45132;港口;x
b_biancheng45133;边城;x
b_shangsi45134;上思;x
b_dongxing45135;东兴;x
b_gongche45136;公车;x
b_jiangping45137;江平;x
b_siyang45138;思阳;x
d_guixi452;桂西;x
c_chongzuo4521;崇左;x
b_chongzuo45211;崇左;x
b_jiangzhou45212;江州;x
b_fusui45213;扶绥;x
b_ningming45214;宁明;x
b_longzhou45215;龙州;x
b_daxin45216;大新;x
b_tiandeng45217;天等;x
b_pingxiang45218;凭祥;x
c_hechi4522;河池;x
b_hechi45221;河池;x
b_jinchengjiang45222;金城江;x
b_nandan45223;南丹;x
b_yizhou45224;宜州;x
b_fengshan45225;凤山;x
b_dongnan45226;东南;x
b_luocheng45227;罗城;x
b_huanjiang45228;环江;x
c_baise4523;百色;x
b_baise45231;百色;x
b_youjiang45232;右江;x
b_tianyang45233;田阳;x
b_jingxi45234;靖西;x
b_napo45235;那坡;x
b_lingyun45236;凌云;x
b_leye45237;乐业;x
b_longlin45238;隆林;x
c_nanning4524;南宁;x
b_nanning45241;南宁;x
b_yongning45242;邕宁;x
b_wuming45243;武鸣;x
b_mashan45244;马山;x
b_shanglin45245;上林;x
b_binyang45246;宾阳;x
b_hengxian45247;横县;x
b_qingxiu45248;青秀;x
d_guidong453;桂东;x
c_yulin4531;玉林;x
b_yulin45311;玉林;x
b_yuzhou45312;玉州;x
b_fumian45313;福绵;x
b_rongxian45314;容县;x
b_luchuan45315;陆川;x
b_bobai45316;博白;x
b_xingye45317;兴业;x
b_beiliu45318;北流;x
c_guigang4532;贵港;x
b_guigang45321;贵港;x
b_gangbei45322;港北;x
b_gangnan45323;港南;x
b_tantang45324;覃塘;x
b_pingnan45325;平南;x
b_guiping45326;桂平;x
b_luoxiu45327;罗秀;x
b_siwang45328;思旺;x
c_wuzhou4533;梧州;x
b_wuzhou45331;梧州;x
b_wanxiu45332;万秀;x
b_cangwu45333;苍梧;x
b_mengshan45334;蒙山;x
b_tengxian45335;藤县;x
b_cenxi45336;岑溪;x
b_longwei45337;龙圩;x
b_changzhou45338;长洲;x
c_hezhou4534;贺州;x
b_hezhou45341;贺州;x
b_babu45342;八步;x
b_pinggui45343;平桂;x
b_zhaoping45344;昭平;x
b_zhongshan45345;钟山;x
b_fuchuan45346;富川;x
b_wenzhu45347;文竹;x
b_fengxiang45348;凤翔;x
d_guibei454;桂北;x
c_laibin4541;来宾;x
b_laibin45411;来宾;x
b_xingbin45412;兴宾;x
b_xincheng45413;忻城;x
b_xiangzhou45414;象州;x
b_wuxuan45415;武宣;x
b_jinxiu45416;金秀;x
b_heshan45417;合山;x
b_lingnan45418;岭南;x
c_guilin4542;桂林;x
b_guilin45421;桂林;x
b_xingan45422;兴安;x
b_yangshuo45423;阳朔;x
b_yongfu45424;永福;x
b_gongcheng45425;恭城;x
b_longsheng45426;龙胜;x
b_quanzhou45427;全州;x
b_ziyuan45428;资源;x
c_liuzhou4543;柳州;x
b_liuzhou45431;柳州;x
b_luzhai45432;鹿寨;x
b_rongan45433;融安;x
b_sanjiang45434;三江;x
b_rongshui45435;融水;x
b_liucheng45436;柳城;x
b_liujiang45437;柳江;x
b_yufeng45438;鱼峰;x
k_hainan46; 琼 ;x
d_hainan461;海南;x
c_qiongzhou4611;琼州;x
b_haikou46111;海口;x
b_wenchang46112;文昌;x
b_chengmai46113;澄迈;x
b_qiongshan46114;琼山;x
b_longhua46115;龙华;x
b_xiuying46116;秀英;x
b_meilan46117;美兰;x
b_jinshan46118;锦山;x
c_changjiang4612;昌江;x
b_changjiang46121;昌江;x
b_baisha46122;白沙;x
b_lingao46123;临高;x
b_danzhou46124;儋州;x
b_dongfang46125;东方;x
b_xinlong46126;新龙;x
b_tianan46127;天安;x
b_zhonghe46128;中和;x
c_sanya4613;三亚;x
b_sanya46131;三亚;x
b_ledong46132;乐东;x
b_baoting46133;保亭;x
b_lingshui46134;陵水;x
b_tianya46135;天涯;x
b_haitangwan46136;海棠湾;x
b_fenghuang46137;凤凰;x
b_yacheng46138;崖城;x
c_wanning4614;万宁;x
b_wanning46141;万宁;x
b_dingan46142;定安;x
b_qionghai46143;琼海;x
b_longgun46144;龙滚;x
b_liji46145;礼纪;x
b_changfeng46146;长丰;x
b_shangen46127;山根;x
b_damao46128;大茂;x
c_qiongzhong4615;琼中;x
b_qiongzhong46151;琼中;x
b_wuzhishan46152;五指山;x
b_tunchang46153;屯昌;x
b_limushan46154;黎母山;x
b_shangan46155;上安;x
b_nansheng46156;南圣;x
b_maoyang46157;毛阳;x
b_shuiman46158;水满;x
k_chongqing50; 巴 ;x
d_chongqing501;重庆;x
c_fengjie5011;奉节;x
b_fengjie50111;奉节;x
b_wushan50112;巫山;x
b_wuxi50113;巫溪;x
b_chengkou50114;城口;x
b_kaixian50115;开县;x
b_yunyang50116;云阳;x
b_wanzhou50117;万州;x
b_longju50118;龙驹;x
c_fuling5012;涪陵;x
b_daxing50121;涪陵;x
b_fangshan50122;长寿;x
b_zhoukoudian50123;丰都;x
b_daxinzhuang50124;石柱;x
b_hebei50125;忠县;x
b_qingyundian50126;垫江;x
b_dongyusi50127;梁平;x
b_shijiaying50128;武隆;x
c_qianjiang5013;黔江;x
b_qianjiang50131;黔江;x
b_pengshui50132;彭水;x
b_xiushan50133;秀山;x
b_youyang50134;酉阳;x
b_lujiao50135;鹿角;x
b_lianghe50136;两河;x
b_cangling50137;苍岭;x
b_meijiang50138;梅江;x
c_chongqing5014;重庆;x
b_chongqing50141;重庆;x
b_wansheng50142;万盛;x
b_yubei50143;渝北;x
b_banan50144;巴南;x
b_nanchuan50145;南川;x
b_beibei50146;北碚;x
b_qijiang50127;綦江;x
b_dadukou50128;大渡口;x
c_dazu5015;大足;x
b_dazu50151;大足;x
b_rongchang50152;荣昌;x
b_yongchuan50153;永川;x
b_jiangjin50154;江津;x
b_tongliang50155;铜梁;x
b_hechuan50156;合川;x
b_bishan50157;壁山;x
b_tongnan50158;潼南;x
k_sichuan51; 蜀 ;x
d_dazhou511;达州;x
c_dazhou5111;达州;x
b_dazhou51111;达州;x
b_tongchuan51112;通川;x
b_dachuan51113;达川;x
b_xuanhan51114;宣汉;x
b_kaijiang51115;开江;x
b_dazhu51116;大竹;x
b_quxian51117;渠县;x
b_wanyuan51118;万源;x
c_bazhong5112;巴中;x
b_bazhong51121;巴中;x
b_bazhou51122;巴州;x
b_enyang51123;恩阳;x
b_tongjiang51124;通江;x
b_nanjiang51125;南江;x
b_pingchang51126;平昌;x
b_nuojiang51127;诺江;x
b_jiangkou51128;江口;x
c_guangyuan5113;广元;x
b_guangyuan51131;广元;x
b_lizhou51132;利州;x
b_zhaohua51133;昭化;x
b_chaotian51134;朝天;x
b_wangcang51135;旺苍;x
b_qingchuan51136;青川;x
b_jiange51137;剑阁;x
b_cangxi51138;苍溪;x
c_nanchong5114;南充;x
b_nanchong51141;南充;x
b_shunqing51142;顺庆;x
b_gaoping51143;高坪;x
b_jialing51144;嘉陵;x
b_nanbu51145;南部;x
b_yilong51146;仪陇;x
b_langzhong51127;阆中;x
b_xichong51128;西充;x
c_guangan5115;广安;x
b_guangan51151;广安;x
b_qianfeng51152;前锋;x
b_yuechi51153;岳池;x
b_wusheng51154;武胜;x
b_linshui51155;邻水;x
b_huaying51156;华蓥;x
b_dingping51157;鼎屏;x
b_nonghui51158;浓洄;x
d_chengdu512;成都;x
c_suining5121;遂宁;x
b_suining51211;遂宁;x
b_chuanshan51212;船山;x
b_anju51213;安居;x
b_pengxi51214;蓬溪;x
b_shehong51215;射洪;x
b_daying51216;大英;x
b_chicheng51217;赤城;x
b_taihe51218;太和;x
c_mianyang5122;绵阳;x
b_mianyang51221;绵阳;x
b_fuling51222;涪城;x
b_youxian51223;游仙;x
b_zitong51224;梓潼;x
b_jiangyou51225;江油;x
b_santai51226;三台;x
b_beichuan51227;北川;x
b_yanting51228;盐亭;x
c_deyang5123;德阳;x
b_deyang51231;德阳;x
b_guanghan51232;广汉;x
b_mianhzu51233;绵竹;x
b_luojiang51234;罗江;x
b_zhongjiang51235;中江;x
b_shifang51236;什邡;x
b_jingyang51237;旌阳;x
b_luocheng51238;雒城;x
c_chengdu5124;成都;x
b_chengdu51241;成都;x
b_dujiangyan51242;都江堰;x
b_pengzhou1243;彭州;x
b_jintang51244;金堂;x
b_chongzhou51245;崇州;x
b_xinjin51246;新津;x
b_pujiang51227;蒲江;x
b_qionglai51228;邛崃;x
c_ziyang5125;资阳;x
b_ziyang51251;资阳;x
b_jianyang51252;简阳;x
b_anyue51253;安岳;x
b_lezhi51254;乐至;x
b_yanjiang51255;雁江;x
b_jiangyuan51256;江源;x
b_yunlong51257;云龙;x
b_yangma51258;养马;x
c_meishan5126;眉山;x
b_meishan51261;眉山;x
b_dongpo51262;东坡;x
b_renshou51263;仁寿;x
b_pengshan51264;彭山;x
b_hongya51265;洪雅;x
b_danling51266;丹棱;x
b_qingshen51267;青神;x
b_fengming51268;凤鸣;x
c_yaan5127;雅安;x
b_yaan51271;雅安;x
b_yucheng51272;雨城;x
b_mingshan51273;名山;x
b_hanyuan51274;汉源;x
b_shimian51275;石棉;x
b_baoxing51276;宝兴;x
b_tianquan51277;天全;x
b_lushan51278;芦山;x
d_xuzhou513;叙州;x
c_neijiang5131;内江;x
b_neijiang51311;内江;x
b_dongxing51312;东兴;x
b_weiyuan51313;威远;x
b_zizhong51314;资中;x
b_longchang51315;隆昌;x
b_neijiangqu51316;内江区;x
b_yanling51317;严陵;x
b_chonglong51318;重龙;x
c_zigong5132;自贡;x
b_zigong51321;自贡;x
b_daan51322;大安;x
b_gongjing51323;贡井;x
b_yantan51324;沿滩;x
b_rongxian51325;荣县;x
b_fushun51326;富顺;x
b_gaoxin51327;高新;x
b_ziliujing51328;自流井;x
c_luzhou5133;泸州;x
b_luzhou51331;泸州;x
b_jiangyang51332;江阳;x
b_naxi51333;纳溪;x
b_luxian51334;泸县;x
b_xuyong51335;叙永;x
b_hejiang51336;合江;x
b_longmatan51337;龙马潭;x
b_gulin51338;古蔺;x
c_yibin5134;宜宾;x
b_huairou51341;宜宾;x
b_miyun51342;江安;x
b_shunyi51343;高县;x
b_beishicheng51344;筠连;x
b_mulin51345;珙县;x
b_xizhuang51346;兴文;x
b_zhangxin51327;长宁;x
b_chawu51328;屏山;x
c_leshan5135;乐山;x
b_leshan51351;乐山;x
b_emeishan51352;峨眉山;x
b_qianwei51353;犍为;x
b_jiajiang51354;夹江;x
b_muchuan51355;沐川;x
b_shawan51356;沙湾;x
b_jingyan51357;井研;x
b_ebian51358;峨边;x
d_liangshan514;凉山;x
c_zhaojue5141;昭觉;x
b_zhaojue51411;昭觉;x
b_xide51412;喜德;x
b_yuexi51413;越西;x
b_ganluo51414;甘洛;x
b_meigu51415;美姑;x
b_butuo51416;布拖;x
b_leibo51417;雷波;x
b_jinyang51418;金阳;x
c_dechang5142;德昌;x
b_dechang51421;德昌;x
b_huili51422;会理;x
b_huidong51423;会东;x
b_jinyang51424;金阳;x
b_ningnan51425;宁南;x
b_luchang51426;鹿厂;x
b_chengguan51427;城关;x
b_yimen51428;益门;x
c_panzhihua5143;攀枝花;x
b_panzhihua51431;攀枝花;x
b_renhe51432;仁和;x
b_miyi51433;米易;x
b_yanbian51434;盐边;x
b_dadukou51435;大渡口;x
b_qingxiangping51436;清香坪;x
b_tongzilin51437;桐子林;x
b_taiping51438;太平;x
c_xichang5144;西昌;x
b_xichang51441;西昌;x
b_mianning51442;冕宁;x
b_yanyuan51443;盐源;x
b_muli51444;木里;x
b_meiyu51445;梅雨;x
b_dongchuan51446;平川;x
b_youjun51427;佑君;x
b_jinping;锦屏;x
d_ganzi515;甘孜;x
c_kangding5151;康定;x
b_kangding51511;康定;x
b_luding51512;泸定;x
b_jiulong51513;九龙;x
b_yajiang51514;雅江;x
b_shade51515;沙德;x
b_tanggu51516;汤古;x
b_xinduqiao51517;新都桥;x
b_jiju51518;吉居;x
c_daocheng5152;稻城;x
b_daocheng51521;稻城;x
b_xiangcheng51522;乡城;x
b_derong51523;得荣;x
b_batang51524;巴塘;x
b_litang51525;理塘;x
b_baiyu51526;白玉;x
b_xinlong51527;新龙;x
b_bomi51528;波密;x
c_daofu5153;道孚;x
b_daofu51531;道孚;x
b_danba51532;丹巴;x
b_luhuo51533;炉霍;x
b_bamei51534;八美;x
b_dandong51535;丹东;x
b_kongyu51536;孔玉;x
b_geka51537;葛卡;x
b_niba51538;泥巴;x
c_ganzi5154;甘孜;x
b_ganzi51541;甘孜;x
b_dege51542;德格;x
b_shiqu51543;石渠;x
b_seda51544;色达;x
b_chalong51545;查龙;x
b_juewusi51546;觉悟寺;x
b_zhenda51527;真达;x
b_wenbo51528;温波;x
d_aba516;阿坝;x
c_maerkang5161;马尔康;x
b_maerkang51611;马尔康;x
b_xiaojin51612;小金;x
b_jinchuan51613;金川;x
b_rangtang51614;壤塘;x
b_ribu51615;日部;x
b_anning51616;安宁;x
b_jimu51617;集沐;x
b_lianghe51618;两河;x
c_maoxian5162;茂县;x
b_maoxian51621;茂县;x
b_wenchuan51622;汶川;x
b_lixian51623;理县;x
b_tonghua51624;通化;x
b_ganbao51625;甘堡;x
b_xuecheng51626;薛城;x
b_wolong51627;卧龙;x
b_weizhou51628;威州;x
c_songpan5163;松潘;x
b_songpan51631;松潘;x
b_jiuzhaigou51632;九寨沟;x
b_heishui51633;黑水;x
b_huanglong51634;黄龙;x
b_yanyun51635;燕云;x
b_shuijing51636;水晶;x
b_chuanzhusi51637;川主寺;x
b_yonghe51638;永和;x
c_aba5164;阿坝;x
b_aba51641;阿坝;x
b_ruoergai51642;若尔盖;x
b_hongyuan51643;红原;x
b_hongxing51644;红星;x
b_qiuji51645;求吉;x
b_tangke51646;唐克;x
b_chali51627;查理;x
b_maierma51628;麦尔玛;x
k_guizhou52; 黔 ;x
d_qiandong521;黔东;x
c_kaili5211;凯里;x
b_kaili52111;凯里;x
b_huangping52112;黄平;x
b_shibing52113;施秉;x
b_sansui52114;三穗;x
b_zhenyuan52115;镇远;x
b_tianzhu52116;天柱;x
b_jinping52117;锦屏;x
b_jianhe52118;剑河;x
c_duyun5212;都匀;x
b_duyun52121;都匀;x
b_dushan52122;独山;x
b_fuquan52123;福泉;x
b_pingtang52124;平塘;x
b_luodian52125;罗甸;x
b_changshun52126;长顺;x
b_longli52127;龙里;x
b_sandu52128;三都;x
c_zunyi5213;遵义;x
b_zunyi52131;遵义;x
b_huairen52132;怀仁;x
b_suiyang52133;绥阳;x
b_tongzi52134;桐梓;x
b_xishui52135;习水;x
b_chishui52136;赤水;x
b_zhengan52137;正安;x
b_wuchuan52138;务川;x
c_tongren5214;铜仁;x
b_tongren52141;铜仁;x
b_jiangkou52142;江口;x
b_yuping52143;玉屏;x
b_songtao52144;松桃;x
b_yinjiang52145;印江;x
b_sinan52146;思南;x
b_shiqian52127;石阡;x
b_dejiang52128;德江;x
d_qianxi522;黔西;x
c_anshun5221;安顺;x
b_anshun52211;安顺;x
b_pingba52212;平坝;x
b_puding52213;普定;x
b_zhenning52214;镇宁;x
b_yunling52215;关岭;x
b_ziyun52216;紫云;x
b_yongning52217;永宁;x
b_songshan52218;松山;x
c_xingyi5222;兴义;x
b_xingyi52221;兴义;x
b_anlong52222;安龙;x
b_ceheng52223;册亨;x
b_wangmo52224;望谟;x
b_zhenfeng52225;贞丰;x
b_xingren52226;兴仁;x
b_qinglong52227;晴隆;x
b_puan52228;普安;x
c_liupanshui5223;六盘水;x
b_zhongshan52231;钟山;x
b_shuicheng52232;水城;x
b_liuzhi52233;六枝;x
b_panxian52234;盘县;x
b_pingzhai52235;平寨;x
b_longchang52236;龙场;x
b_jinpan52237;金盆;x
b_putian52238;普田;x
c_bijie5224;毕节;x
b_bijie52241;毕节;x
b_dafang52242;大方;x
b_jinsha52243;金沙;x
b_qianxi52244;黔西;x
b_qianxi52245;织金;x
b_nayong52246;纳雍;x
b_hezhang52227;赫章;x
b_weining52228;威宁;x
c_guiyang5225;贵阳;x
b_guiyang52251;贵阳;x
b_qingzhen52252;清镇;x
b_xiuwen52253;修文;x
b_kaiyang52254;开阳;x
b_xifeng52255;息烽;x
b_wudang52256;乌当;x
b_huaxi52257;花溪;x
b_guanshanhu52258;观山湖;x
k_yunnan53; 滇 ;x
d_diandong531;滇东;x
c_zhaotong5311;昭通;x
b_zhaotong53111;昭通;x
b_yanjin53112;盐津;x
b_yongshan53113;永善;x
b_suijiang53114;绥江;x
b_zhenxiong53115;镇雄;x
b_ludian53116;鲁甸;x
b_weixin53117;威信;x
b_shuifu53118;水富;x
c_qujing5312;曲靖;x
b_qujing53121;曲靖;x
b_xuanwei53122;宣威;x
b_malong53123;马龙;x
b_zhanyi53124;沾益;x
b_fuyuan53125;富源;x
b_luoping53126;罗平;x
b_shizong53127;师宗;x
b_luliang53128;陆良;x
c_yuxi5313;玉溪;x
b_yuxi53131;玉溪;x
b_jiangchuan53132;江川;x
b_tonghai53133;通海;x
b_huaning53134;华宁;x
b_yimen53135;易门;x
b_eshan53136;峨山;x
b_xinping53137;新平;x
b_yuanjiang53138;元江;x
c_kunming5314;昆明;x
b_kunming53141;昆明;x
b_jinning53142;晋宁;x
b_fumin53143;富民;x
b_yiliang53144;宜良;x
b_songming53145;嵩明;x
b_shilin53146;石林;x
b_luquan53127;禄劝;x
b_xundian53128;寻甸;x
d_diannan532;滇南;x
c_wenshan5321;文山;x
b_wenshan53211;文山;x
b_yanshan53212;砚山;x
b_guangnan53213;广南;x
b_funing53214;富宁;x
b_qiubei53215;丘北;x
b_maguan53216;马关;x
b_malipo53217;麻栗坡;x
b_xichou53218;西畴;x
c_honghe5322;红河;x
b_gejiu53221;个旧;x
b_kaiyuan53222;开远;x
b_mile53223;弥勒;x
b_lvchun53224;绿春;x
b_jianshui53225;建水;x
b_luxi53226;泸西;x
b_hekou53227;河口;x
b_jinping53228;金平;x
c_simao5323;思茅;x
b_puer53231;普洱;x
b_mojiang53232;墨江;x
b_jingdong53233;景东;x
b_jinggu53234;景谷;x
b_dianyuan53235;滇沅;x
b_jiangcheng53236;江城;x
b_menglian53237;孟连;x
b_ninger53238;宁洱;x
c_xishuangbanna5324;西双版纳;x
b_jinghong53241;景洪;x
b_mengla53242;勐腊;x
b_menghai53243;勐海;x
b_puwen53244;普文;x
b_yiwu53245;易武;x
b_gelang53246;格朗;x
b_menghan53227;勐罕;x
b_mengsong53228;勐宋;x
d_dianbei533;滇北;x
c_chuxiong5331;楚雄;x
b_chuxiong53311;楚雄;x
b_shuangbai53312;双柏;x
b_mouding53313;牟定;x
b_nanhua53314;南华;x
b_yaoan53315;姚安;x
b_yuanmou53316;元谋;x
b_yongren53317;永仁;x
b_wuding53318;武定;x
c_dali5332;大理;x
b_dali53321;大理;x
b_xiangyun53322;祥云;x
b_binchuan53323;宾川;x
b_yongping53324;永平;x
b_yunlong53325;云龙;x
b_jianchuan53326;剑川;x
b_heqing53327;鹤庆;x
b_nanjian53328;南涧;x
c_lijiang5333;丽江;x
b_lijiang53331;丽江;x
b_yongsheng53332;永胜;x
b_huaping53333;华坪;x
b_yulong53334;玉龙;x
b_ninglang53335;宁蒗;x
b_shigu53336;石鼓;x
b_yongning53337;永宁;x
b_renhe53338;仁和;x
c_diqing5334;迪庆;x
b_xianggelila53341;香格里拉;x
b_deqin53342;德钦;x
b_weixi53343;维西;x
b_yangla53344;羊拉;x
b_yunling53345;云岭;x
b_hutiaoxia53346;虎跳峡;x
b_dongwang53327;东旺;x
b_pantiange53328;攀天阁;x
d_dianxi534;滇西;x
c_nujiang5341;怒江;x
b_lushui53411;泸水;x
b_fugong53412;福贡;x
b_gongshan53413;贡山;x
b_lanping53414;兰坪;x
b_gudeng53415;古登;x
b_yingpan53416;营盘;x
b_hexi53417;河西;x
b_shiyueliang53418;石月亮;x
c_baoshan5342;保山;x
b_longyang53421;隆阳;x
b_shidian53422;施甸;x
b_tengchong53423;腾冲;x
b_longling53424;龙陵;x
b_changning53425;昌宁;x
b_mingguang53426;明光;x
b_houqiao53427;猴桥;x
b_pingda53428;平达;x
c_dehong5343;德宏;x
b_dehong53431;德宏;x
b_ruili53432;瑞丽;x
b_lianghe53433;梁河;x
b_yingjiang53434;盈江;x
b_longchuan53435;陇川;x
b_santaishan53436;三台山;x
b_mangdong53437;芒东;x
b_kachang53438;卡场;x
c_lincang5344;临沧;x
b_linxiang53441;临翔;x
b_fengqing53442;凤庆;x
b_yunxian53443;云县;x
b_yongde53444;永德;x
b_zhenkang53445;镇康;x
b_shuangjiang53446;双江;x
b_gengma53427;耿马;x
b_cangyuan53428;沧源;x
k_xizang54; 藏 ;x
d_shannan541;山南;x
c_zangnangudi5411;藏南谷地;x
b_cuona54111;错那;x
b_shangchayu54112;上察隅;x
b_xiachayu54113;下察隅;x
b_gedang54114;格当;x
b_beibeng54115;背崩;x
b_yumai54116;玉麦;x
b_huaiba54117;淮巴;x
b_jiayu54118;加玉;x
c_motuo5412;墨脱;x
b_motuo54121;墨脱;x
b_chayu54122;察隅;x
b_bomi54123;波密;x
b_dexing54124;德兴;x
b_songzong54125;松宗;x
b_qingduo54126;倾多;x
b_zhamu54127;扎木;x
b_zhuwagen54128;竹瓦根;x
c_linzhi5413;林芝;x
b_linzhi54131;林芝;x
b_milin54132;米林;x
b_gongbujiangda54133;工布江达;x
b_langxian54134;郎县;x
b_lulang54135;鲁朗;x
b_jinda54136;金达;x
b_zhongda54137;仲达;x
b_wolong54138;卧龙;x
c_shannan5414;山南;x
b_shannan54141;山南;x
b_fanxiang54142;曲松;x
b_changyuan54143;加查;x
b_gaoping54144;扎囊;x
b_fangli54145;贡嘎;x
b_jiaohu54146;浪卡子;x
b_baidaokou54127;洛扎;x
b_liugu54128;措美;x
d_sajia542;萨迦;x
c_rikaze5421;日喀则;x
b_rikaze54211;日喀则;x
b_nanmulin54212;南木林;x
b_renbu54213;仁布;x
b_xietongmen54214;谢通门;x
b_lazi54215;拉孜;x
b_dejilin54216;德吉林;x
b_mangre54217;芒热;x
b_qieqiong54218;切琼;x
c_sajia5422;萨迦;x
b_sajia54221;萨迦;x
b_jiangzi54222;江孜;x
b_bailang54223;白朗;x
b_kangma54224;康马;x
b_yadong54225;亚东;x
b_gangba54226;岗巴;x
b_pali54227;帕里;x
b_mula54228;木拉;x
c_dingri5423;定日;x
b_dingri54231;定日;x
b_dingjie54232;定结;x
b_nielamu54233;聂拉木;x
b_angren54234;昂仁;x
b_xiegeer54235;协格尔;x
b_jiangga54236;江嘎;x
b_kaga54237;卡噶;x
b_zhangmu54238;樟木;x
d_ali543;阿里;x
c_jilong5431;吉隆;x
b_jilong54311;吉隆;x
b_saga54312;萨嘎;x
b_zhongba54313;仲巴;x
b_payang54314;帕羊;x
b_jima54315;吉玛;x
b_zongga54316;宗嘎;x
b_jiajia54317;加加;x
b_yare54318;亚热;x
c_ali5432;阿里;x
b_ali54321;阿里;x
b_pulan54322;普兰;x
b_geji54323;革吉;x
b_zhada54324;扎达;x
b_gaer54325;噶尔;x
b_ritu54326;日土;x
b_tuolin54327;托林;x
b_shiquanhe54328;狮泉河;x
c_cuoqin5433;措勤;x
b_cuoqin54331;措勤;x
b_jiangrang54332;江让;x
b_gaize54333;改则;x
b_mami54334;麻米;x
b_quluo54335;曲洛;x
b_chabu54336;察布;x
b_daxiong54337;达雄;x
b_xianqian54338;先遣;x
c_nima5434;尼玛;x
b_nima54341;尼玛;x
b_zhuowa54342;卓瓦;x
b_shuanghu54343;双湖;x
b_cuozheluoma54344;措折罗玛;x
b_asuo54345;阿索;x
b_xiede54346;协德;x
b_daguo54327;达果;x
b_yaqu54328;雅曲;x
d_lasa544;拉萨;x
c_lasa5441;拉萨;x
b_lasa54411;拉萨;x
b_nimu54412;尼木;x
b_qushui54413;曲水;x
b_dazi54414;达孜;x
b_dangxiong54415;当雄;x
b_linzhou54416;林周;x
b_mozhugongka54417;墨竹工卡;x
b_duilongdeqing54418;堆龙德庆;x
c_bange5442;班戈;x
b_bange54421;班戈;x
b_deqing54422;德庆;x
b_shenzha54423;申扎;x
b_beila54424;北拉;x
b_xiongmei54425;雄梅;x
b_jiaqiong54426;佳琼;x
b_mayue54427;马跃;x
b_mendang54428;门当;x
c_naqu5443;那曲;x
b_naqu54431;那曲;x
b_luoma54432;罗玛;x
b_nierong54433;聂荣;x
b_anduo54434;安多;x
b_zharen54435;扎仁;x
b_suoxiong54436;索雄;x
b_gulu54437;古露;x
b_pana54438;帕那;x
d_azha545;阿扎;x
c_azha5451;阿扎;x
b_azha54511;阿扎;x
b_jaili54512;嘉黎;x
b_biru54513;比如;x
b_suoxian54514;索县;x
b_baqing54515;巴青;x
b_xiaqu54516;夏曲;x
b_rongbu54517;荣布;x
b_yaan54518;雅安;x
c_luolong5452;洛隆;x
b_luolong54521;洛隆;x
b_leiwuqi54522;类乌齐;x
b_bianba54523;边坝;x
b_dingqing54524;丁青;x
b_zituo54525;孜托;x
b_sangduo54526;桑多;x
b_chidu54527;尺牍;x
b_caoka54528;草卡;x
c_changdu5453;昌都;x
b_changdu54531;昌都;x
b_chaya54532;察雅;x
b_gongjue54533;贡觉;x
b_jiangda54534;江达;x
b_karuo54535;卡若;x
b_jitang54536;吉塘;x
b_moluo54537;莫洛;x
b_gangtuo54538;岗托;x
c_mangkang5454;芒康;x
b_mangkang54541;芒康;x
b_rumei54542;如美;x
b_zuogong54543;左贡;x
b_basu54544;八宿;x
b_wangda54545;旺达;x
b_baima54546;白玛;x
b_gatuo54527;噶托;x
b_bangda54528;帮达;x
k_shanxi61; 秦 ;x
d_shanbei611;陕北;x
c_shenmu6111;神木;x
b_shenmu61111;神木;x
b_jinjie61112;锦界;x
b_fugu61113;府谷;x
b_gushan61114;孤山;x
b_dianta61115;店塔;x
b_dachanghan61116;大昌汗;x
b_erlintu61117;尔林兔;x
b_huangnan61118;黄南;x
c_yulin6112;榆林;x
b_yulin61121;榆林;x
b_anya61122;安崖;x
b_hengshan61123;横山;x
b_qingquan61124;清泉;x
b_shaungcheng61125;双城;x
b_tawan61126;塔湾;x
b_zhenchuan61127;镇川;x
b_balasu61128;巴拉素;x
c_mizhi6113;米脂;x
b_mizhi61131;米脂;x
b_jiaxian61132;佳县;x
b_suide61133;绥德;x
b_qingjian61134;清涧;x
b_zizhou61135;子洲;x
b_wubao61136;吴堡;x
b_yindou61137;印斗;x
b_erlangshan61138;二郎山;x
c_jingbian6114;靖边;x
b_jingbian61141;靖边;x
b_anbian61142;安边;x
b_dingbian61143;定边;x
b_yangjing61144;杨井;x
b_qingyangcha61145;青阳岔;x
b_jiyuan61146;姬塬;x
b_haizetan61127;海则滩;x
b_dongkeng61128;东坑;x
c_ganquan6115;甘泉;x
b_ganquan61151;甘泉;x
b_ansai61152;安塞;x
b_zhidan61153;志丹;x
b_wuqi61154;吴起;x
b_shunning61155;顺宁;x
b_laoshan61156;劳山;x
b_jianhua61157;建华;x
b_yongning61158;永宁;x
c_yanan6116;延安;x
b_yanan61161;延安;x
b_zichang61162;子长;x
b_yanchuan61163;延川;x
b_yanchang61164;延长;x
b_qinghuabian61165;青化砭;x
b_ganguyi61166;甘谷驿;x
b_yongping61167;永坪;x
b_baota61168;宝塔;x
d_huangling612;黄陵;x
c_luochuan6121;洛川;x
b_luochaun61211;洛川;x
b_huanglong61212;黄龙;x
b_yichuan61213;宜川;x
b_qinguan61214;秦关;x
b_jiyi61215;集义;x
b_yingwang61216;英旺;x
b_zouma61217;走马;x
b_baimatan61218;白马滩;x
c_huangling6122;黄陵;x
b_huangling61221;黄陵;x
b_shuanglong61222;双龙;x
b_fuxian61223;富县;x
b_niuwu61224;牛武;x
b_baoan61225;保安;x
b_yangquan61226;羊泉;x
b_longfang61227;隆坊;x
b_zhiluo61228;直罗;x
c_changwu6123;长武;x
b_changwu61231;长武;x
b_binxian61232;彬县;x
b_xunyi61233;旬邑;x
b_chunhua61234;淳化;x
b_yongshou61235;永寿;x
b_yongle61236;永乐;x
b_zhangbasi61237;丈八寺;x
b_longgao61238;龙高;x
c_tongchaun6124;铜川;x
b_tongchuan61241;铜川;x
b_wangyi61242;王益;x
b_yintai61243;印台;x
b_yijun61244;宜君;x
b_yaozhou61245;耀州;x
b_yaoqu61246;瑶曲;x
b_taian61227;太安;x
b_jinsuoguan61228;金锁关;x
c_hancheng6125;韩城;x
b_hancheng61251;韩城;x
b_baishui61252;白水;x
b_chengcheng61253;澄城;x
b_heyang61254;合阳;x
b_xigu61255;西固;x
b_ganjing61256;甘井;x
b_weizhuang61257;韦庄;x
b_heichi61258;黑池;x
d_weinan613;渭南;x
c_huayin6131;华阴;x
b_hauyin61311;华阴;x
b_dali61312;大荔;x
b_tongguan61313;潼关;x
b_huaxian61314;华县;x
b_huashan61315;华山;x
b_guanchi61316;官池;x
b_anren61317;安仁;x
b_dongyang61318;东阳;x
c_weinan6132;渭南;x
b_weinan61321;渭南;x
b_fuping61322;富平;x
b_pucheng61323;蒲城;x
b_linwei61324;临渭;x
b_xiaoyi61325;孝义;x
b_longyang61326;龙阳;x
b_yangguo61327;阳郭;x
b_liuqu61328;流曲;x
c_xian6133;西安;x
b_xian61331;西安;x
b_weiyang61332;未央;x
b_yanta61333;雁塔;x
b_lintong61334;临潼;x
b_gaoling61335;高陵;x
b_lantian61336;蓝田;x
b_baqiao61337;灞桥;x
b_yanliang61338;阎良;x
c_xianyang6134;咸阳;x
b_xianyang61341;咸阳;x
b_weicheng61342;渭城;x
b_xingping61343;兴平;x
b_sanyuan61344;三原;x
b_zhengyang61345;正阳;x
b_taiping61346;太平;x
b_yunyang61327;云阳;x
b_qindu61328;秦都;x
d_fufeng614;扶风;x
c_wugong6141;武功;x
b_wugong61411;武功;x
b_xingping61412;兴平;x
b_qianxian61413;乾县;x
b_liquan61414;礼泉;x
b_changning61415;长宁;x
b_shide61416;史德;x
b_yanghong61417;阳洪;x
b_fengyang61418;峰阳;x
c_fufeng6142;扶风;x
b_fufeng61421;扶风;x
b_qishan61422;岐山;x
b_meixian61423;眉县;x
b_yangling61424;杨陵;x
b_wuzhangyuan61425;五丈原;x
b_qinghua61426;青化;x
b_jinqu61427;金渠;x
b_jiangzhang61428;绛帐;x
c_fengxiang6143;凤翔;x
b_fengxiang61431;凤翔;x
b_linyou61432;麟游;x
b_qianyang61433;千阳;x
b_longxian61434;陇县;x
b_guowang61435;虢王;x
b_zhangba61436;丈八;x
b_gaoya61437;高崖;x
b_guguan61438;固关;x
c_chencang6144;陈仓;x
b_chencang61441;陈仓;x
b_weibin61442;渭滨;x
b_jintai61443;金台;x
b_yangping61444;阳平;x
b_panlong61445;蟠龙;x
b_chisha61446;赤沙;x
b_guchuan61427;固川;x
b_baoji61428;宝鸡;x
c_fengxian6145;凤县;x
b_fengxian61451;凤县;x
b_wenjiangsi61452;温江寺;x
b_taibai61453;太白;x
b_gaolong61454;高龙;x
b_liufengguan61455;留凤关;x
b_baiyun61456;白云;x
b_huangniupu61457;黄牛铺;x
b_huangbaiyuan61458;黄柏塬;x
c_zhouzhi6146;周至;x
b_zhouzhi61461;周至;x
b_zhongnan61462;终南;x
b_huxian61463;户县;x
b_taiping61464;太平;x
b_jixian61465;集贤;x
b_guangming61466;光明;x
b_guangji61467;广济;x
b_laoyu61468;涝峪;x
d_hanzhong614;汉中;x
c_lueyang6141;略阳;x
b_lueyang61411;略阳;x
b_guanyinsi61412;观音寺;x
b_ningqiang61413;宁强;x
b_yangpingguan61414;阳平关;x
b_bashan61415;巴山;x
b_qingmuchuan61416;青木川;x
b_jinjiahe61417;金家河;x
b_baiquesi61418;白雀寺;x
c_hanzhong6142;汉中;x
b_hanzhong61421;汉中;x
b_laodaosi61422;老道寺;x
b_mianxian61423;勉县;x
b_nanzhneg61424;南郑;x
b_hantai61425;汉台;x
b_liuba61426;留坝;x
b_madao61427;马道;x
b_wuhou61428;武侯;x
c_yangxian6143;洋县;x
b_yangxian61431;洋县;x
b_foping61432;佛坪;x
b_chenggu61433;城固;x
b_xixiang61434;西乡;x
b_zhenba61435;镇巴;x
b_longting61436;龙亭;x
b_xinglong61437;兴隆;x
b_bailongtang61438;白龙塘;x
c_shiquan6144;石泉;x
b_shiquan61441;石泉;x
b_ningshan61442;宁陕;x
b_hanyin61443;汉阴;x
b_hanyang61444;汉阳;x
b_yinlong61445;银龙;x
b_longwang61446;龙王;x
b_changyang61427;长阳;x
b_tiefo61428;铁佛;x
d_shanyang615;山阳;x
c_ziyang6151;紫阳;x
b_ziyang61511;紫阳;x
b_langao61512;岚皋;x
b_zhenping61513;镇坪;x
b_pingli61514;平利;x
b_xiangyang61515;向阳;x
b_shimen61516;石门;x
b_luohe61517;洛河;x
b_baxian61518;八仙;x
c_ankang6152;安康;x
b_ankang61521;安康;x
b_baihe61522;白河;x
b_xunyang61523;旬阳;x
b_hanbin61524;汉滨;x
b_shuanglong61525;双龙;x
b_xianhe61526;仙河;x
b_taoyuan61527;桃园;x
b_maping61528;麻坪;x
c_shanyang6153;山阳;x
b_shanyang61531;山阳;x
b_hongyansi61532;红岩寺;x
b_zhashui61533;柞水;x
b_zhenan61534;镇安;x
b_huilong61535;回龙;x
b_xingping61536;杏坪;x
b_heishan61537;黑山;x
b_yingpan61538;营盘;x
c_shangluo6154;商洛;x
b_shangluo61541;商洛;x
b_wuguan61542;武关;x
b_luonan61543;洛南;x
b_danfneg61544;丹凤;x
b_shangnan61545;商南;x
b_yongfneg61546;永丰;x
b_jinlingsi61527;金陵寺;x
b_shangzhou61528;商州;x
k_gansu62; 陇 ;x
d_ganzhou621;甘州;x
c_dunhuang6211;敦煌;x
b_dunhuang62111;敦煌;x
b_subei62112;肃北;x
b_akesai62113;阿克塞;x
b_yumenguan62114;玉门关;x
b_tashi62115;踏实;x
b_changma62116;昌马;x
b_huangqu62117;黄渠;x
b_yanchiwan62118;盐池湾;x
c_yumen6212;玉门;x
b_yumen62121;玉门;x
b_mazongshan62122;马鬃山;x
b_anxi62123;安西;x
b_daquan62124;大泉;x
b_anbei62125;安北;x
b_xiaowan62126;小宛;x
b_hanxia62127;旱峡;x
b_mingshui62128;明水;x
c_jiuquan6213;酒泉;x
b_jiuquan62131;酒泉;x
b_gucheng62132;古城;x
b_jinta62133;金塔;x
b_heishanjing62134;黑山井;x
b_jiacang62135;夹仓;x
b_yemajing62136;野马井;x
b_yujingzi62137;俞井子;x
b_shangba62138;上坝;x
c_jiayuguan6214;嘉峪关;x
b_jiayuguan62141;嘉峪关;x
b_laojunmiao62142;老君庙;x
b_jingtieshan62143;镜铁山;x
b_qingshui62144;清水;x
b_jinfosi62145;金佛寺;x
b_wenshu62146;文殊;x
b_xidong62127;西洞;x
b_dongdong62128;东洞;x
d_suzhou622;肃州;x
c_zhangye6221;张掖;x
b_zhangye62211;张掖;x
b_linze62212;临泽;x
b_gaotai62213;高台;x
b_sunan62214;肃南;x
b_shandan62215;山丹;x
b_minle62216;民乐;x
b_huazhai62217;花寨;x
b_damaying62218;大马营;x
c_jinchang6222;金昌;x
b_daxing62221;金昌;x
b_fangshan62222;永昌;x
b_zhoukoudian62223;民勤;x
b_daxinzhuang62224;东湖;x
b_hebei62225;汤家海;x
b_qingyundian62226;花儿园;x
b_dongyusi62227;红砂岗;x
b_shijiaying62228;三个马岗;x
c_wuwei6223;武威;x
b_wuweig62231;武威;x
b_huangyang62232;黄羊;x
b_gulang62233;古浪;x
b_tianzhu62234;天祝;x
b_hedong62235;河东;x
b_jinsha62236;金沙;x
b_qingyuan62237;清源;x
b_wunan62238;武南;x
c_baiyin6224;白银;x
b_baiyin62241;白银;x
b_jingtai62242;景泰;x
b_jingyuan62243;靖远;x
b_pingchuan62244;平川;x
b_huining62245;会宁;x
b_shuiquan62246;水泉;x
b_dagou62227;大沟;x
b_wuchuan62228;武川;x
d_lanzhou623;兰州;x
c_lanzhou6231;兰州;x
b_lanzhou62311;兰州;x
b_gaolan62312;皋兰;x
b_yongdeng62313;永登;x
b_yuzhong62314;榆中;x
b_chengguan62315;城关;x
b_anning62316;安宁;x
b_xigu62317;西固;x
b_qilihe62318;七里河;x
c_linxia6232;临夏;x
b_linxia62321;临夏;x
b_jishishan62322;积石山;x
b_dongxiang62323;东乡;x
b_hezheng62324;和政;x
b_yongjing62325;永靖;x
b_guanghe62326;广河;x
b_kangle62327;康乐;x
b_yinji62328;尹集;x
c_gannan6233;甘南;x
b_gannan62331;甘南;x
b_xiahe62332;夏河;x
b_luqu62333;碌曲;x
b_lintan62334;临潭;x
b_zhuoni62335;卓尼;x
b_zhouqu62336;舟曲;x
b_diebu62337;迭部;x
b_maqu62338;玛曲;x
c_dingxi6234;定西;x
b_dingxi62341;定西;x
b_lintao62342;临洮;x
b_longxi62343;陇西;x
b_tongwei62344;通渭;x
b_weiyuan62345;渭源;x
b_zhangxian62346;漳县;x
b_minxian62327;岷县;x
b_anding62328;安定;x
d_tianshui624;天水;x
c_longnan6241;陇南;x
b_longnan62411;陇南;x
b_kangxian62412;康县;x
b_wenxian62413;文县;x
b_chengxian62414;成县;x
b_liangdang62415;两当;x
b_dangchang62416;宕昌;x
b_lixian62417;礼县;x
b_wudu62418;武都;x
c_tianshui6242;天水;x
b_tianshui62421;天水;x
b_maiji62422;麦积;x
b_qingshui62423;清水;x
b_gangu62424;甘谷;x
b_qinan62425;秦安;x
b_zhangjiachuan62426;张家川;x
b_wushan62427;武山;x
b_qinzhou62428;秦州;x
c_pingliang6243;平凉;x
b_pingliang62431;平凉;x
b_kongtong62432;崆峒;x
b_huating62433;华亭;x
b_zhuanglang62434;庄浪;x
b_jingning62435;静宁;x
b_chongxin62436;崇信;x
b_lingtai62437;灵台;x
b_jingchuan62438;泾川;x
c_qingyang6244;庆阳;x
b_qingyang62441;庆阳;x
b_zhenyuan62442;镇原;x
b_ningxian62443;宁县;x
b_zhengning62444;正宁;x
b_heshui62445;合水;x
b_huachi62446;华池;x
b_huanxian62427;环县;x
b_qingcheng62428;庆城;x
k_qinghai63; 青 ;x
d_haixi631;海西;x
c_yushu6311;玉树;x
b_yushu63111;玉树;x
b_longbao63112;隆宝;x
b_zaduo63113;杂多;x
b_nangqian63114;囊谦;x
b_batang63115;巴塘;x
b_juela63116;觉拉;x
b_zhaqing63117;扎青;x
b_moyun63118;莫云;x
c_chengduo6312;称多;x
b_chengduo63121;称多;x
b_xiewu63122;歇武;x
b_labu63123;拉布;x
b_qumacai63124;曲麻菜;x
b_dongfeng63125;东风;x
b_qiuzhi63126;秋智;x
b_qumahe63127;曲麻河;x
b_qingshuihe63128;清水河;x
c_zhiduo6313;治多;x
b_zhiduo63131;治多;x
b_lixin63132;立新;x
b_yanshiping63133;雁石坪;x
b_duocai63134;多彩;x
b_xijie63135;西捷;x
b_zhahe63136;扎河;x
b_wenquan63137;温泉;x
b_suojia63138;索加;x
c_geermu6314;格尔木;x
b_geermu63141;格尔木;x
b_guolemude63142;郭勒木德;x
b_dachaidan63143;大柴旦;x
b_gansen63144;甘森;x
b_alaer63145;阿拉尔;x
b_lenghuzhen63146;冷湖镇;x
b_nanbaxian63127;南八仙;x
b_suoerkuli63128;索尔库里;x
c_haixi6315;海西;x
b_haixi63151;海西;x
b_wulan63152;乌兰;x
b_delingha63153;德令哈;x
b_dulan63154;都兰;x
b_tianjun63155;天峻;x
b_tongpu63156;铜普;x
b_yangkang63157;阳康;x
b_gebi63158;戈壁;x
d_haidong632;海东;x
c_haibei6321;海北;x
b_haibei63211;海北;x
b_qilian63212;祁连;x
b_haiyan63213;海晏;x
b_gangcha63214;刚察;x
b_menyuan63215;门源;x
b_yanglong63216;央隆;x
b_quanji63217;泉吉;x
b_haergai63218;哈尔盖;x
c_xining6322;西宁;x
b_xining63221;西宁;x
b_beiguan63222;湟中;x
b_yindu63223;湟源;x
b_tangyin63224;大通;x
b_neihuang63225;城东;x
b_linzhou63226;城西;x
b_wenfeng63227;城北;x
b_longan63228;城中;x
c_haidong6323;海东;x
b_haidong63231;海东;x
b_ledu63232;乐都;x
b_pingan63233;平安;x
b_minhe63234;民和;x
b_huzhu63235;互助;x
b_hualong63236;化隆;x
b_xunhua63237;循化;x
b_honggu63238;红古;x
c_huangnan6324;黄南;x
b_huangnan63241;黄南;x
b_tongren63242;同仁;x
b_jianzha63243;尖扎;x
b_zeku63244;泽库;x
b_henan63245;河南;x
b_duosong63246;多松;x
b_heri63227;和日;x
b_baoan63228;保安;x
c_hainan6325;海南;x
b_hainan63251;海南;x
b_tongde63252;同德;x
b_gonghe63253;共和;x
b_guide63254;贵德;x
b_xinghai63255;兴海;x
b_guinan63256;贵南;x
b_luohantang63257;罗汉堂;x
b_changmu63258;常牧;x
c_guoluo6326;果洛;x
b_guoluo63261;果洛;x
b_maqin63262;玛沁;x
b_banma63263;班玛;x
b_gande63264;甘德;x
b_dari63265;达日;x
b_jiuzhi63266;久治;x
b_maduo63267;玛多;x
b_deang63268;德昂;x
k_ningxia64; 宁 ;x
d_ningxia641;宁夏;x
c_guyuan6411;固原;x
b_guyuan64111;固原;x
b_pengyang64112;彭阳;x
b_jingyuan64113;泾源;x
b_longde64114;隆德;x
b_xiji64115;西吉;x
b_haiyuan64116;海源;x
b_dengta64117;灯塔;x
b_jiangtai64118;将台;x
c_lingwu6412;灵武;x
b_lingwu64121;灵武;x
b_yanchi64122;盐池;x
b_wuzhong64123;吴忠;x
b_qingtongxia64124;青铜峡;x
b_zhongning64125;中宁;x
b_zhongwei64126;中卫;x
b_tongxin64127;同心;x
b_weizhou64128;韦州;x
c_yinchuan6413;银川;x
b_yinchuan64131;银川;x
b_yongning64132;永宁;x
b_helan64133;贺兰;x
b_taole64134;陶乐;x
b_pingluo64135;平罗;x
b_shizuishan64136;石嘴山;x
b_huinon64137;惠农;x
b_xixia64138;西夏;x
k_xinjiang65; 疆 ;x
d_shanshan651;鄯善;x
c_shazhou6511;沙州;x
b_loulan65111;楼兰;x
b_luobupo65112;罗布泊;x
b_keshenlanzi65113;科什兰孜;x
b_bashenkuergan65114;巴什库尔干;x
b_munaertage65115;木纳尔塔格;x
b_jieranlike65116;结然力克;x
b_qigaibulake65117;其盖布拉克;x
b_hongliugou65118;红柳沟;x
c_ruoqiang6512;若羌;x
b_ruoqiang65121;若羌;x
b_kumukuli65122;库木库里;x
b_alaer65123;阿拉尔;x
b_koudakelake65124;扣达克拉克;x
b_qimantage65125;祁蔓塔格;x
b_wutamu65126;吾塔木;x
b_xitatirang65127;西塔提让;x
b_xiaputuleke65128;夏普吐勒克;x
c_qiemo6513;且末;x
b_qiemo65131;且末;x
b_tula65132;吐拉;x
b_tuogelusu65133;托格鲁苏;x
b_yingwusitang65134;英吾斯塘;x
b_kulamuleke65135;库拉木勒克;x
b_arele65136;阿热勒;x
b_kuoshensatema65137;阔什萨特玛;x
b_tatirang65138;塔提让;x
c_minfeng6514;民丰;x
b_minfeng65141;民丰;x
b_ruokeya65142;若克雅;x
b_yeyike65143;叶亦克;x
b_kalasayi65144;喀拉萨依;x
b_paxiyimu65145;帕希依木;x
b_andier65146;安迪尔;x
b_qiaan65127;恰安;x
b_jingjue65128;精绝;x
d_yutian652;于阗;x
c_yutian6521;于阗;x
b_yutian65211;于阗;x
b_aqiang65212;阿羌;x
b_langan65213;兰干;x
b_siyeke65214;斯也克;x
b_taerke65215;塔尔克;x
b_xianbaibazha65216;先拜巴扎;x
b_arixi65217;阿日希;x
b_jiayi65218;加依;x
c_cele6522;策勒;x
b_cele65221;策勒;x
b_bositan65222;博斯坦;x
b_qiaha65223;恰哈;x
b_nuer65224;奴儿;x
b_damagou65225;达玛沟;x
b_wulukesayi65226;乌鲁克萨依;x
b_gulahama65227;固拉哈玛;x
b_anazizhake65228;阿纳孜扎克;x
c_hetian6523;和田;x
b_hetian65231;和田;x
b_yulongkashen65232;玉龙喀什;x
b_luopu65233;洛浦;x
b_jiya65234;吉亚;x
b_lasikui65235;拉斯奎;x
b_layika65236;拉依喀;x
b_tawakule65237;塔瓦库勒;x
b_tashentashen65238;塔什塔什;x
c_pishan6524;皮山;x
b_pishan65241;皮山;x
b_zanggui65242;藏桂;x
b_moyu65243;墨玉;x
b_zhawa65244;扎瓦;x
b_wuerqi65245;乌尔其;x
b_muji65246;木吉;x
b_manglai65227;芒来;x
b_duwa65228;杜瓦;x
c_yecheng6525;叶城;x
b_yecheng65251;叶城;x
b_zonglang65252;宗朗;x
b_qipan65253;棋盘;x
b_baren65254;巴仁;x
b_tusheqi65255;吐舌其;x
b_xihexiu65256;西合休;x
b_sayibage65257;萨依巴格;x
b_jianggelesi65258;江格勒斯;x
c_bandier6526;班迪尔;x
b_tashenkuergan65261;塔什库尔干;x
b_taheman65262;塔合曼;x
b_bandier65263;班迪尔;x
b_waqia65264;瓦恰;x
b_tizinafu65265;提孜那甫;x
b_maeryang65266;马尔洋;x
b_dabudaer65267;达布达尔;x
b_bulunmusha65268;布伦木沙;x
d_shache653;莎车;x
c_shache6531;莎车;x
b_shache65311;莎车;x
b_yima65312;依玛;x
b_zepu65313;泽普;x
b_damusi65314;达木斯;x
b_saili65315;赛力;x
b_ailixihu65316;艾力西湖;x
b_xiannong65317;县农;x
b_qiareke65318;恰热克;x
c_aketao6532;阿克陶;x
b_aketao65321;阿克陶;x
b_setili65322;色提力;x
b_yingjisha65323;英吉沙;x
b_kezile65324;克孜勒;x
b_muji65325;木吉;x
b_kusilafu65326;库斯拉甫;x
b_taer65327;塔尔;x
b_keziletao65328;克孜勒陶;x
c_shule6533;疏勒;x
b_shule65331;疏勒;x
b_haohan65332;浩罕;x
b_kashen65333;喀什;x
b_shufu65334;疏附;x
b_tierimu65335;铁日木;x
b_alafu65336;阿拉甫;x
b_seman65337;色满;x
b_awati65338;阿瓦提;x
c_wuqia6534;乌恰;x
b_wuqia65341;乌恰;x
b_tuoyun65342;托云;x
b_tielieke65343;铁列克;x
b_kangsu65344;康苏;x
b_jigen65345;吉根;x
b_wulukeqiati65346;乌鲁克恰提;x
b_bositantielieke65327;波斯坦铁列克;x
b_wuheshalu65328;吾合沙鲁;x
c_ashentu6535;阿什图;x
b_atushen65351;阿图什;x
b_shangashentu65352;上阿图什;x
b_ahu65353;阿湖;x
b_halajun65354;哈拉峻;x
b_gedaliang65355;格达良;x
b_azhake65356;阿扎克;x
b_jiaerwutuoke65357;加尔乌托克;x
b_kuoshentuoruke65358;阔什托如克;x
c_jiashi6536;伽师;x
b_jiashi65361;伽师;x
b_jiangbazi65362;江巴孜;x
b_yuepuhu65363;岳普湖;x
b_aqike65364;阿其克;x
b_mixia65365;米夏;x
b_seyeke65366;色也克;x
b_yudaikelike65367;玉代克力克;x
b_ahonglukumu65368;阿洪鲁库木;x
d_gumo654;姑墨;x
c_tumushuke6541;图木舒克;x
b_tumushuke65411;图木舒克;x
b_xiahelinchang65412;夏河林场;x
b_bachu65413;巴楚;x
b_qiaerbage65414;恰尔巴格;x
b_xiamale65415;夏马勒;x
b_yuanyi65416;园艺;x
b_alageer65417;阿拉格尔;x
b_selibuya65418;色力布亚;x
c_maigaiti6542;麦盖提;x
b_maigaiti65421;麦盖提;x
b_yangtake65422;央塔克;x
b_kumukusaer65423;库木库萨尔;x
b_kezileawati65424;克孜勒阿瓦提;x
b_anggeteleke65425;昂格特勒克;x
b_kuerma65426;库尔马;x
b_tumantale65427;吐曼塔勒;x
b_huyanglinchang65428;胡杨林场;x
c_aheqi6543;阿合奇;x
b_aheqi65431;阿合奇;x
b_halaqi65432;哈拉奇;x
b_keping65433;柯坪;x
b_aqia65434;阿恰;x
b_sumutashen65435;苏木塔什;x
b_qilang65436;启浪;x
b_sepabayi65437;色帕巴依;x
b_yuerqi65438;玉尔其;x
c_wensu6544;温宿;x
b_wensu65441;温宿;x
b_jiamu65442;佳木;x
b_wushen65443;乌什;x
b_yimamu65444;依麻木;x
b_qiagelake65445;恰格拉克;x
b_yakeruike65446;亚科瑞克;x
b_jileawati65427;吉勒阿瓦提;x
b_aotebeixi65428;奥特贝希;x
c_akesu6545;阿克苏;x
b_akesu65451;阿克苏;x
b_tuopuluke65452;托普鲁克;x
b_awati65453;阿瓦提;x
b_alaer65454;阿拉尔;x
b_kumubashen65455;库木巴什;x
b_ayibage65456;阿依巴格;x
b_ayikule65457;阿依库勒;x
b_tuokayi65458;托喀依;x
d_qiuci655;龟兹;x
c_shaya6551;沙雅;x
b_shaya65511;沙雅;x
b_nuerbake65512;努尔巴克;x
b_hailou65513;海楼;x
b_yingmaili65514;英买力;x
b_gulebage65515;古勒巴格;x
b_hongqi65516;红旗;x
b_ermuchang65517;二牧场;x
b_tuoyibaoledi65518;托依堡勒迪;x
c_baicheng6552;拜城;x
b_baicheng65521;拜城;x
b_tuokexun65522;托克逊;x
b_xinhe65523;新和;x
b_weigan65524;渭干;x
b_bulong65525;布隆;x
b_yuqikate65526;玉奇喀特;x
b_sailimu65527;赛里木;x
b_sangtamu65528;桑塔木;x
c_kuche6553;库车;x
b_kuche65531;库车;x
b_age65532;阿格;x
b_talimu65533;塔里木;x
b_wuzun65534;乌尊;x
b_qiman65535;齐满;x
b_alahage65536;阿拉哈格;x
b_hanikatamu65537;哈尼卡塔木;x
b_bixibage65538;比西巴格;x
c_luntai6554;轮台;x
b_luntai65541;轮台;x
b_caohu65542;草湖;x
b_yangxia65543;阳霞;x
b_qunbake65544;群巴克;x
b_lunnan65545;轮南;x
b_yeyungou65546;野云沟;x
b_haerbake65527;哈尔巴克;x
b_taerlake65528;塔尔拉克;x
c_yanqi6555;焉耆;x
b_yanqi65551;焉耆;x
b_yongning65552;永宁;x
b_bohu65553;博湖;x
b_kuerle65554;库尔勒;x
b_benbutu65555;本布图;x
b_halayugong65556;哈拉玉宫;x
b_baoerhai65557;包尔海;x
b_bositeng65558;博斯腾;x
c_yuli6556;尉犁;x
b_yuli65561;尉犁;x
b_akesupu65562;阿克苏普;x
b_gulebage65563;古勒巴格;x
b_dunkuotan65564;墩阔坦;x
b_xinier65565;西尼尔;x
b_kujieke65566;库介克;x
b_nanhaizi65567;南海子;x
b_halahong65568;哈拉洪;x
d_cheshi656;车师;x
c_heshuo6561;和硕;x
b_heshuo65611;和硕;x
b_suhate65612;苏哈特;x
b_tahaqi65613;塔哈其;x
b_quhui65614;曲惠;x
b_wushentala65615;乌什塔拉;x
b_xintare65616;新塔热;x
b_qingshuihe65617;清水河;x
b_malan65618;马兰;x
c_tulufan6562;吐鲁番;x
b_tulufan65621;吐鲁番;x
b_aidinghu65622;艾丁湖;x
b_tuokexun65623;托克逊;x
b_shengjin65624;胜金;x
b_bositan65625;博斯坦;x
b_qiatehale65626;恰特哈勒;x
b_guolebuyi65627;郭勒布依;x
b_kumishen65628;库米什;x
c_wulumuqi6563;乌鲁木齐;x
b_wulumuqi65631;乌鲁木齐;x
b_tianshan65632;天山;x
b_shayibake65633;沙依巴克;x
b_shuimogou65634;水磨沟;x
b_toutunhe65635;头屯河;x
b_daban65636;达坂;x
b_midong65637;米东;x
b_xinshi65638;新市;x
d_pulei657;蒲类;x
c_shanshan6571;鄯善;x
b_shanshan65711;鄯善;x
b_qiketai65712;七克台;x
b_lukeqin65713;鲁克沁;x
b_dalangkan65714;达浪坎;x
b_lianmuqin65715;连木沁;x
b_baka65716;巴喀;x
b_tawu65717;塔乌;x
b_kumutage65718;库木塔格;x
c_hami6572;哈密;x
b_hami65721;哈密;x
b_xingxingxia65722;星星峡;x
b_wulatai65723;乌拉台;x
b_liushugou65724;柳树沟;x
b_xishan65725;西山;x
b_baishitou65726;白石头;x
b_yamansu65727;雅满苏;x
b_nanhu65728;南湖;x
c_yiwu6573;伊吾;x
b_yiwu65731;伊吾;x
b_yanchi65732;盐池;x
b_balikun65733;巴里坤;x
b_dahe65734;大河;x
b_qianshan65735;前山;x
b_kuisu65736;奎苏;x
b_weizixia65737;苇子峡;x
b_xiamaya65738;下马崖;x
c_qitai6574;奇台;x
b_qitai65741;奇台;x
b_xidi65742;西地;x
b_jimusaer65743;吉木萨尔;x
b_mulei65744;木垒;x
b_qingyanghu65745;庆阳湖;x
b_dashitou65746;大石头;x
b_kanerzi65727;坎尔孜;x
b_beiting65728;北庭;x
d_tianshan658;天山;x
c_hejing6581;和静;x
b_hejing65811;和静;x
b_baluntai65812;巴仑台;x
b_bayinguoleng65813;巴音郭楞;x
b_naimenmodun65814;乃门莫敦;x
b_keerguti65815;克尔古提;x
b_bayinwulu65816;巴音乌鲁;x
b_haermodun65817;哈尔莫墩;x
b_alagou65818;阿拉沟;x
c_huocheng6582;霍城;x
b_huocheng65821;霍城;x
b_xinyuan65822;新源;x
b_yili65823;伊犁;x
b_yining65824;伊宁;x
b_gongliu65825;巩留;x
b_zhaosu65826;昭苏;x
b_tekesi65827;特克斯;x
b_nileke65828;尼勒克;x
c_jinghe6583;精河;x
b_jinghe65831;精河;x
b_tuoli65832;托里;x
b_bole65833;博乐;x
b_wenquan65834;温泉;x
b_dalete65835;达勒特;x
b_xiaoyingpan65836;小营盘;x
b_angelige65837;安格里格;x
b_tuotuo65838;托托;x
c_wusu6584;乌苏;x
b_wusu65841;乌苏;x
b_dushanzi65842;独山子;x
b_kelamayi65843;克拉玛依;x
b_shihezi65844;石河子;x
b_shawan65845;沙湾;x
b_kuitun65846;奎屯;x
b_baijiantan65827;白碱滩;x
b_xidagou65828;西大沟;x
c_tacheng6585;塔城;x
b_tacheng65851;塔城;x
b_emin65852;额敏;x
